,RNA_clusters,ATAC_clusters,Jiont_clusters
ACAAGCTAAAGACGGA,R5,A0,J2
ACAAGCTAAAGGTACA,R0,A4,J0
ACAAGCTAACACAGAA,R0,A5,J0
ACAAGCTAACAGCAGA,R0,A0,J0
ACAAGCTAACCTCCAA,R0,A5,J0
ACAAGCTAACGCTCGA,R3,A5,J3
ACAAGCTAACGTATCA,R3,A4,J3
ACAAGCTAACTATGCA,R3,A0,J3
ACAAGCTAAGAGTCAA,R3,A0,J3
ACAAGCTAAGATCGCA,R0,A0,J0
ACAAGCTAAGCAGGAA,R3,A0,J3
ACAAGCTAAGTCACTA,R0,A0,J0
ACAAGCTAATCCTGTA,R0,A5,J0
ACAAGCTAATTGAGGA,R5,A5,J5
ACAAGCTACAACCACA,R1,A0,J0
ACAAGCTAGACTAGTA,R4,A0,J5
ACAAGCTACAATGGAA,R5,A0,J2
ACAAGCTACACTTCGA,R4,A4,J5
ACAAGCTACAGCGTTA,R1,A4,J5
ACAAGCTACATACCAA,R5,A4,J5
ACAAGCTACCAGTTCA,R4,A4,J5
ACAAGCTACCGAAGTA,R4,A5,J5
ACAAGCTACCGTGAGA,R1,A4,J3
ACAAGCTACCTCCTGA,R0,A4,J0
ACAAGCTACGAACTTA,R4,A5,J5
ACAAGCTACGACTGGA,R7,A5,J4
ACAAGCTACGCATACA,R7,A4,J4
ACAAGCTACTCAATGA,R0,A5,J4
ACAAGCTACTGAGCCA,R0,A4,J0
ACAAGCTACTGGCATA,R1,A1,J2
ACAAGCTAGAATCTGA,R0,A1,J0
ACAAGCTACAAGACTA,R1,A0,J1
ACAAGCTAGAGCTGAA,R2,A0,J1
ACAAGCTAGATAGACA,R2,A6,J1
ACAAGCTAGCCACATA,R8,A6,J6
CTGTAGCCAAGGTACA,R1,A4,J0
CTGTAGCCACACAGAA,R0,A4,J0
CTGTAGCCACCTCCAA,R0,A0,J0
CTGTAGCCACGCTCGA,R0,A0,J0
CTGTAGCCACGTATCA,R1,A0,J4
CTGTAGCCACTATGCA,R0,A4,J0
CTGTAGCCAGAGTCAA,R3,A4,J3
CTGTAGCCAGATCGCA,R3,A4,J3
CTGTAGCCAGCAGGAA,R0,A5,J0
CTGTAGCCAGTCACTA,R0,A0,J0
CTGTAGCCATCCTGTA,R0,A5,J0
CTGTAGCCATTGAGGA,R0,A5,J0
CTGTAGCCCAACCACA,R0,A5,J0
CTGTAGCCGACTAGTA,R1,A0,J3
CTGTAGCCCAATGGAA,R1,A1,J7
CTGTAGCCCACTTCGA,R1,A0,J5
CTGTAGCCCAGCGTTA,R1,A5,J5
CTGTAGCCCATACCAA,R4,A5,J5
CTGTAGCCCCAGTTCA,R1,A5,J5
CTGTAGCCCCGAAGTA,R1,A4,J5
CTGTAGCCCCGTGAGA,R1,A4,J9
CTGTAGCCCCTCCTGA,R1,A4,J3
CTGTAGCCCGAACTTA,R0,A4,J0
CTGTAGCCCGACTGGA,R0,A4,J0
CTGTAGCCCGCATACA,R0,A5,J4
CTGTAGCCCTCAATGA,R7,A5,J4
CTGTAGCCCTGAGCCA,R0,A5,J0
CTGTAGCCCTGGCATA,R5,A0,J2
CTGTAGCCGAATCTGA,R0,A1,J2
CTGTAGCCCAAGACTA,R1,A0,J2
CTGTAGCCGAGCTGAA,R2,A6,J1
CTGTAGCCGATAGACA,R2,A7,J1
CTGTAGCCGCCACATA,R8,A6,J6
AGTACAAGCTGTAGCC,R1,A0,J1
AGTACAAGACACAGAA,R1,A4,J5
AGTACAAGACAGCAGA,R0,A4,J0
AGTACAAGACCTCCAA,R0,A0,J0
AGTACAAGACGCTCGA,R0,A1,J2
AGTACAAGACGTATCA,R5,A1,J2
AGTACAAGACTATGCA,R4,A0,J3
AGTACAAGAGAGTCAA,R3,A4,J3
AGTACAAGAGATCGCA,R3,A4,J3
AGTACAAGAGCAGGAA,R0,A4,J4
AGTACAAGAGTCACTA,R0,A5,J0
AGTACAAGATCCTGTA,R3,A5,J3
AGTACAAGATTGAGGA,R3,A4,J3
AGTACAAGCAACCACA,R0,A5,J3
AGTACAAGGACTAGTA,R1,A0,J3
AGTACAAGCAATGGAA,R1,A1,J4
AGTACAAGCACTTCGA,R4,A1,J2
AGTACAAGCAGCGTTA,R1,A1,J2
AGTACAAGCATACCAA,R1,A0,J7
AGTACAAGCCAGTTCA,R5,A1,J2
AGTACAAGCCGAAGTA,R4,A0,J5
AGTACAAGCCGTGAGA,R1,A4,J0
AGTACAAGCCTCCTGA,R1,A5,J0
AGTACAAGCGAACTTA,R0,A5,J4
AGTACAAGCGACTGGA,R0,A5,J4
AGTACAAGCGCATACA,R0,A4,J4
AGTACAAGCTCAATGA,R0,A5,J4
AGTACAAGCTGAGCCA,R4,A5,J0
AGTACAAGCTGGCATA,R0,A0,J0
AGTACAAGGAATCTGA,R5,A1,J2
AGTACAAGCAAGACTA,R1,A0,J2
AGTACAAGGAGCTGAA,R2,A6,J1
AGTACAAGGATAGACA,R8,A0,J6
AGTACAAGACCACTGT,R1,A5,J9
AGTACAAGGCCACATA,R8,A6,J6
AGTACAAGACATTGGC,R1,A4,J0
AGTACAAGCAGATCTG,R1,A4,J0
AACAACCAACAAGCTA,R0,A5,J0
AACAACCACTGTAGCC,R0,A5,J0
AACAACCAAGTACAAG,R0,A4,J0
AACAACCAAACAACCA,R0,A5,J0
AACAACCAAACCGAGA,R1,A4,J0
AACAACCAAACGCTTA,R1,A4,J0
AACAACCAACACAGAA,R1,A4,J0
AACAACCAACAGCAGA,R0,A4,J0
AACAACCAACCTCCAA,R0,A5,J0
AACAACCAACGCTCGA,R5,A1,J2
AACAACCAACGTATCA,R5,A1,J2
AACAACCAACTATGCA,R0,A0,J4
AACAACCAAGAGTCAA,R4,A5,J5
AACAACCAAGATCGCA,R12,A4,J0
AACAACCAAGCAGGAA,R12,A4,J0
AACAACCAAGTCACTA,R12,A4,J0
AACAACCAATCCTGTA,R1,A5,J0
AACAACCAATTGAGGA,R1,A4,J0
AACAACCACAACCACA,R1,A5,J5
AACAACCAGACTAGTA,R1,A0,J6
AACAACCACAATGGAA,R1,A1,J2
AACAACCACACTTCGA,R4,A1,J2
AACAACCACAGCGTTA,R4,A1,J2
AACAACCACATACCAA,R1,A1,J2
AACAACCACCAGTTCA,R5,A1,J2
AACAACCACCGAAGTA,R0,A5,J4
AACAACCACCGTGAGA,R1,A4,J0
AACAACCACCTCCTGA,R1,A5,J0
AACAACCAAGTGGTCA,R1,A4,J10
AACAACCACGAACTTA,R0,A4,J4
AACAACCACGACTGGA,R7,A4,J4
AACAACCACGCATACA,R7,A5,J4
AACAACCACTCAATGA,R7,A5,J4
AACAACCACTGAGCCA,R7,A5,J4
AACAACCACTGGCATA,R4,A5,J0
AACAACCAGAATCTGA,R5,A1,J2
AACAACCACAAGACTA,R1,A0,J6
AACAACCAGAGCTGAA,R2,A0,J1
AACAACCAGATAGACA,R8,A5,J6
AACAACCAACCACTGT,R1,A0,J0
AACAACCAGCCACATA,R8,A6,J6
AACAACCAACATTGGC,R4,A0,J2
AACAACCACAGATCTG,R0,A0,J0
AACAACCACATCAAGT,R1,A5,J0
AACAACCACGCTGATC,R0,A5,J0
AACCGAGAACAAGCTA,R0,A0,J0
AACCGAGACTGTAGCC,R0,A1,J0
AACCGAGAAGTACAAG,R0,A1,J0
AACCGAGAAACAACCA,R1,A0,J9
AACCGAGAAACCGAGA,R0,A5,J0
AACCGAGAAACGCTTA,R0,A5,J0
AACCGAGAAAGACGGA,R0,A4,J0
AACCGAGAAAGGTACA,R0,A4,J0
AACCGAGAACACAGAA,R0,A5,J0
AACCGAGAACAGCAGA,R5,A4,J3
AACCGAGAACCTCCAA,R3,A5,J3
AACCGAGAACGCTCGA,R3,A0,J3
AACCGAGAACGTATCA,R0,A0,J0
AACCGAGAACTATGCA,R5,A1,J2
AACCGAGAAGAGTCAA,R1,A5,J7
AACCGAGAAGATCGCA,R4,A4,J5
AACCGAGAAGCAGGAA,R12,A5,J0
AACCGAGAAGTCACTA,R0,A4,J0
AACCGAGAATCCTGTA,R4,A0,J5
AACCGAGAATTGAGGA,R4,A4,J5
AACCGAGACAACCACA,R4,A4,J5
AACCGAGAGACTAGTA,R1,A5,J0
AACCGAGACAATGGAA,R4,A5,J5
AACCGAGACACTTCGA,R4,A4,J5
AACCGAGACAGCGTTA,R4,A4,J5
AACCGAGACATACCAA,R5,A1,J2
AACCGAGACCAGTTCA,R5,A1,J2
AACCGAGACCGAAGTA,R4,A1,J5
AACCGAGACCGTGAGA,R0,A5,J3
AACCGAGACCTCCTGA,R1,A5,J5
AACCGAGAAGTGGTCA,R1,A4,J7
AACCGAGACGAACTTA,R3,A4,J3
AACCGAGACGACTGGA,R3,A4,J3
AACCGAGACGCATACA,R0,A5,J4
AACCGAGACTCAATGA,R7,A4,J4
AACCGAGACTGAGCCA,R0,A4,J4
AACCGAGACTGGCATA,R0,A4,J0
AACCGAGAGAATCTGA,R5,A1,J2
AACCGAGACAAGACTA,R1,A0,J7
AACCGAGAGAGCTGAA,R2,A6,J1
AACCGAGAGATAGACA,R8,A6,J6
AACCGAGAACCACTGT,R0,A1,J0
AACCGAGAGCCACATA,R8,A6,J6
AACCGAGAACATTGGC,R0,A0,J2
AACCGAGACAGATCTG,R0,A0,J0
AACCGAGACATCAAGT,R0,A0,J0
AACCGAGACGCTGATC,R0,A0,J0
AACGCTTAACAAGCTA,R0,A5,J0
AACGCTTACTGTAGCC,R0,A0,J0
AACGCTTAAGTACAAG,R5,A1,J2
AACGCTTAAACAACCA,R5,A0,J2
AACGCTTAAACCGAGA,R3,A0,J2
AACGCTTAAACGCTTA,R3,A4,J3
AACGCTTAAAGACGGA,R3,A5,J0
AACGCTTAAAGGTACA,R3,A4,J3
AACGCTTAACACAGAA,R3,A5,J3
AACGCTTAACAGCAGA,R3,A4,J3
AACGCTTAAAACATCG,R1,A4,J4
AACGCTTAACCTCCAA,R0,A0,J0
AACGCTTAACGCTCGA,R0,A0,J0
AACGCTTAACGTATCA,R1,A5,J6
AACGCTTAACTATGCA,R0,A5,J0
AACGCTTAAGAGTCAA,R5,A0,J2
AACGCTTAAGATCGCA,R5,A5,J5
AACGCTTAAGCAGGAA,R0,A5,J3
AACGCTTAAGTCACTA,R3,A0,J3
AACGCTTAATCCTGTA,R3,A5,J3
AACGCTTAATTGAGGA,R4,A5,J5
AACGCTTAATGCCTAA,R5,A5,J0
AACGCTTACAACCACA,R1,A5,J5
AACGCTTAGACTAGTA,R3,A5,J3
AACGCTTACAATGGAA,R1,A5,J5
AACGCTTACACTTCGA,R1,A5,J5
AACGCTTACAGCGTTA,R4,A5,J5
AACGCTTACATACCAA,R4,A5,J5
AACGCTTACCAGTTCA,R4,A0,J2
AACGCTTACCGAAGTA,R5,A0,J2
AACGCTTACCGTGAGA,R3,A5,J3
AACGCTTACCTCCTGA,R5,A5,J2
AACGCTTAAGTGGTCA,R0,A5,J0
AACGCTTACGAACTTA,R3,A5,J3
AACGCTTACGACTGGA,R3,A4,J3
AACGCTTACGCATACA,R0,A4,J4
AACGCTTACTCAATGA,R7,A5,J4
AACGCTTACTGAGCCA,R7,A5,J4
AACGCTTACTGGCATA,R1,A4,J4
AACGCTTAGAATCTGA,R1,A0,J4
AACGCTTACAAGACTA,R1,A0,J0
AACGCTTAGAGCTGAA,R2,A0,J1
AACGCTTAGATAGACA,R8,A6,J6
AACGCTTAACCACTGT,R5,A1,J2
AACGCTTAGCCACATA,R2,A6,J6
AACGCTTAACATTGGC,R0,A1,J0
AACGCTTACAGATCTG,R0,A0,J2
AACGCTTACATCAAGT,R0,A5,J0
AACGCTTACGCTGATC,R0,A4,J0
AAGACGGAAACGTGAT,R1,A4,J0
AAGACGGAACAAGCTA,R0,A4,J0
AAGACGGACTGTAGCC,R0,A4,J5
AAGACGGAAGTACAAG,R0,A0,J0
AAGACGGAAACAACCA,R0,A0,J4
AAGACGGAAACCGAGA,R5,A0,J2
AAGACGGAAACGCTTA,R0,A0,J0
AAGACGGAAAGACGGA,R0,A5,J0
AAGACGGAAAGGTACA,R0,A4,J0
AAGACGGAACACAGAA,R1,A1,J2
AAGACGGAACAGCAGA,R0,A4,J0
AAGACGGAAAACATCG,R1,A4,J0
AAGACGGAACCTCCAA,R1,A4,J5
AAGACGGAACGCTCGA,R4,A4,J5
AAGACGGAACGTATCA,R5,A4,J5
AAGACGGAACTATGCA,R1,A0,J8
AAGACGGAAGAGTCAA,R1,A4,J2
AAGACGGAAGATCGCA,R5,A5,J2
AAGACGGAAGCAGGAA,R0,A4,J0
AAGACGGAAGTCACTA,R1,A5,J0
AAGACGGAATCCTGTA,R3,A5,J3
AAGACGGAATTGAGGA,R1,A4,J5
AAGACGGAATGCCTAA,R0,A4,J0
AAGACGGACAACCACA,R1,A5,J5
AAGACGGAGACTAGTA,R4,A4,J5
AAGACGGACAATGGAA,R2,A5,J1
AAGACGGACAGCGTTA,R4,A4,J5
AAGACGGACATACCAA,R0,A5,J5
AAGACGGACCAGTTCA,R1,A2,J5
AAGACGGACCGAAGTA,R3,A0,J3
AAGACGGACCGTGAGA,R3,A5,J3
AAGACGGACCTCCTGA,R5,A4,J2
AAGACGGAAGTGGTCA,R0,A6,J0
AAGACGGACGAACTTA,R3,A4,J3
AAGACGGACGACTGGA,R3,A5,J3
AAGACGGACGCATACA,R0,A4,J0
AAGACGGACTCAATGA,R7,A5,J4
AAGACGGACTGAGCCA,R7,A5,J4
AAGACGGACTGGCATA,R0,A4,J4
AAGACGGAGAATCTGA,R0,A4,J0
AAGACGGACAAGACTA,R1,A1,J2
AAGACGGAGAGCTGAA,R2,A6,J1
AAGACGGAGATAGACA,R8,A7,J6
AAGACGGAACCACTGT,R5,A1,J2
AAGACGGAGCCACATA,R2,A6,J1
AAGACGGAACATTGGC,R5,A0,J2
AAGACGGACAGATCTG,R1,A0,J0
AAGACGGACATCAAGT,R0,A5,J0
AAGACGGACGCTGATC,R0,A4,J0
AAGGTACAAACGTGAT,R1,A4,J4
AAGGTACAACAAGCTA,R0,A5,J0
AAGGTACACTGTAGCC,R0,A5,J0
AAGGTACAAGTACAAG,R0,A4,J0
AAGGTACAAACAACCA,R0,A5,J0
AAGGTACAAACCGAGA,R3,A4,J3
AAGGTACAAACGCTTA,R3,A4,J3
AAGGTACAAAGACGGA,R3,A4,J3
AAGGTACAAAGGTACA,R3,A4,J3
AAGGTACAACACAGAA,R0,A4,J3
AAGGTACAACAGCAGA,R1,A0,J5
AAGGTACAAAACATCG,R0,A4,J0
AAGGTACAACCTCCAA,R0,A0,J0
AAGGTACAACGCTCGA,R1,A5,J5
AAGGTACAACGTATCA,R1,A4,J10
AAGGTACAACTATGCA,R1,A5,J0
AAGGTACAAGAGTCAA,R1,A5,J3
AAGGTACAAGATCGCA,R1,A5,J3
AAGGTACAAGCAGGAA,R1,A5,J0
AAGGTACAAGTCACTA,R0,A5,J0
AAGGTACAATCCTGTA,R1,A5,J3
AAGGTACAATTGAGGA,R1,A4,J1
AAGGTACAATGCCTAA,R0,A4,J0
AAGGTACACAACCACA,R5,A5,J2
AAGGTACAGACTAGTA,R4,A5,J5
AAGGTACACAATGGAA,R4,A0,J5
AAGGTACACACTTCGA,R4,A0,J5
AAGGTACACAGCGTTA,R1,A5,J6
AAGGTACACATACCAA,R10,A2,J9
AAGGTACACCAGTTCA,R1,A2,J9
AAGGTACACCGAAGTA,R3,A5,J3
AAGGTACACCGTGAGA,R3,A5,J3
AAGGTACACCTCCTGA,R1,A5,J3
AAGGTACAAGTGGTCA,R5,A0,J2
AAGGTACACGAACTTA,R3,A5,J3
AAGGTACACGACTGGA,R3,A4,J3
AAGGTACACGCATACA,R0,A4,J0
AAGGTACACTCAATGA,R7,A4,J4
AAGGTACACTGAGCCA,R7,A5,J4
AAGGTACACTGGCATA,R0,A5,J4
AAGGTACAGAATCTGA,R5,A0,J4
AAGGTACACAAGACTA,R1,A0,J10
AAGGTACAGAGCTGAA,R1,A5,J1
AAGGTACAGATAGACA,R8,A7,J6
AAGGTACAACCACTGT,R5,A1,J2
AAGGTACAGCCACATA,R8,A6,J6
AAGGTACAACATTGGC,R5,A1,J2
AAGGTACACAGATCTG,R0,A0,J0
AAGGTACACATCAAGT,R4,A0,J0
AAGGTACACGCTGATC,R4,A5,J5
ACACAGAAAACGTGAT,R1,A4,J0
ACACAGAAACAAGCTA,R3,A4,J3
ACACAGAACTGTAGCC,R3,A4,J3
ACACAGAAAGTACAAG,R3,A4,J3
ACACAGAAAACAACCA,R3,A4,J3
ACACAGAAAACCGAGA,R3,A4,J3
ACACAGAAAACGCTTA,R3,A4,J3
ACACAGAAAAGACGGA,R3,A4,J3
ACACAGAAAAGGTACA,R3,A4,J3
ACACAGAAACACAGAA,R3,A5,J3
ACACAGAAACAGCAGA,R1,A4,J3
ACACAGAAAAACATCG,R0,A4,J0
ACACAGAAACCTCCAA,R5,A0,J3
ACACAGAAACGCTCGA,R4,A0,J5
ACACAGAAACGTATCA,R1,A0,J5
ACACAGAAACTATGCA,R5,A0,J2
ACACAGAAAGAGTCAA,R1,A0,J4
ACACAGAAAGATCGCA,R1,A0,J9
ACACAGAAAGCAGGAA,R1,A0,J5
ACACAGAAAGTCACTA,R1,A4,J8
ACACAGAAATCCTGTA,R1,A4,J3
ACACAGAAATTGAGGA,R1,A4,J2
ACACAGAAATGCCTAA,R0,A0,J0
ACACAGAACAACCACA,R1,A4,J3
ACACAGAAGACTAGTA,R1,A0,J2
ACACAGAACAATGGAA,R5,A0,J4
ACACAGAACACTTCGA,R4,A0,J2
ACACAGAACAGCGTTA,R0,A5,J0
ACACAGAACATACCAA,R1,A2,J9
ACACAGAACCAGTTCA,R1,A2,J9
ACACAGAACCGAAGTA,R3,A4,J3
ACACAGAACCGTGAGA,R5,A5,J3
ACACAGAACCTCCTGA,R0,A4,J0
ACACAGAAAGTGGTCA,R5,A7,J2
ACACAGAACGAACTTA,R3,A4,J3
ACACAGAACGACTGGA,R3,A4,J3
ACACAGAACGCATACA,R1,A5,J4
ACACAGAACTCAATGA,R0,A5,J4
ACACAGAACTGAGCCA,R1,A4,J4
ACACAGAACTGGCATA,R7,A4,J4
ACACAGAAGAATCTGA,R4,A4,J0
ACACAGAACAAGACTA,R1,A1,J6
ACACAGAAGAGCTGAA,R0,A5,J4
ACACAGAAGATAGACA,R8,A7,J6
ACACAGAAACCACTGT,R5,A1,J2
ACACAGAAGCCACATA,R8,A7,J6
ACACAGAAACATTGGC,R0,A0,J0
ACACAGAACAGATCTG,R3,A5,J3
ACACAGAACATCAAGT,R3,A4,J3
ACACAGAACGCTGATC,R3,A4,J3
ACAGCAGAAACGTGAT,R1,A4,J0
ACAGCAGAACAAGCTA,R3,A4,J3
ACAGCAGACTGTAGCC,R3,A4,J3
ACAGCAGAAGTACAAG,R3,A4,J3
ACAGCAGAAACAACCA,R3,A4,J3
ACAGCAGAAACCGAGA,R0,A4,J0
ACAGCAGAAACGCTTA,R0,A4,J0
ACAGCAGAAAGACGGA,R12,A4,J0
ACAGCAGAAAGGTACA,R12,A4,J0
ACAGCAGAACACAGAA,R0,A4,J0
ACAGCAGAACAGCAGA,R0,A5,J0
ACAGCAGAAAACATCG,R5,A4,J0
ACAGCAGAACCTCCAA,R0,A4,J0
ACAGCAGAACGCTCGA,R1,A0,J11
ACAGCAGAACGTATCA,R4,A0,J4
ACAGCAGAACTATGCA,R1,A0,J9
ACAGCAGAAGAGTCAA,R1,A0,J8
ACAGCAGAAGATCGCA,R7,A5,J4
ACAGCAGAAGCAGGAA,R1,A0,J4
ACAGCAGAAGTCACTA,R1,A4,J3
ACAGCAGAATCCTGTA,R1,A4,J3
ACAGCAGAATTGAGGA,R1,A4,J10
ACAGCAGAATGCCTAA,R5,A1,J2
ACAGCAGACAACCACA,R1,A4,J3
ACAGCAGAGACTAGTA,R1,A5,J1
ACAGCAGACAATGGAA,R1,A5,J9
ACAGCAGACACTTCGA,R1,A5,J0
ACAGCAGACAGCGTTA,R1,A5,J9
ACAGCAGACATACCAA,R2,A2,J9
ACAGCAGACCAGTTCA,R1,A7,J9
ACAGCAGACCGAAGTA,R3,A4,J3
ACAGCAGACCGTGAGA,R3,A5,J3
ACAGCAGACCTCCTGA,R0,A4,J3
ACAGCAGAAGTGGTCA,R5,A6,J2
ACAGCAGACGAACTTA,R3,A4,J3
ACAGCAGACGACTGGA,R1,A4,J3
ACAGCAGACGCATACA,R1,A4,J2
ACAGCAGACTCAATGA,R1,A4,J4
ACAGCAGACTGAGCCA,R1,A4,J6
ACAGCAGACTGGCATA,R1,A4,J6
ACAGCAGAGAATCTGA,R0,A5,J0
ACAGCAGACAAGACTA,R1,A1,J6
ACAGCAGAGAGCTGAA,R1,A4,J6
ACAGCAGAGATAGACA,R8,A7,J6
ACAGCAGAACCACTGT,R5,A1,J3
ACAGCAGAGCCACATA,R8,A7,J6
ACAGCAGAACATTGGC,R3,A4,J3
ACAGCAGACAGATCTG,R3,A4,J3
ACAGCAGACATCAAGT,R3,A5,J3
ACAGCAGACGCTGATC,R3,A4,J3
AACGTGATAACGTGAT,R0,A4,J0
AACGTGATAAGACGGA,R3,A4,J3
AACGTGATAAGGTACA,R1,A0,J4
AACGTGATACACAGAA,R3,A5,J3
AACGTGATACAGCAGA,R5,A1,J2
AACGTGATAAACATCG,R0,A4,J0
AACGTGATACCTCCAA,R3,A1,J3
AACGTGATACGCTCGA,R3,A4,J3
AACGTGATACGTATCA,R7,A4,J4
AACGTGATACTATGCA,R3,A4,J3
AACGTGATAGAGTCAA,R3,A4,J3
AACGTGATAGATCGCA,R3,A4,J3
AACGTGATAGCAGGAA,R3,A4,J0
AACGTGATAGTCACTA,R0,A4,J0
AACGTGATATCCTGTA,R3,A5,J13
AACGTGATATTGAGGA,R3,A5,J3
AACGTGATATGCCTAA,R0,A4,J0
AACGTGATCAACCACA,R3,A5,J13
AACGTGATGACTAGTA,R4,A5,J13
AACGTGATCAATGGAA,R3,A5,J13
AACGTGATCACTTCGA,R4,A4,J5
AACGTGATCAGCGTTA,R3,A5,J13
AACGTGATCATACCAA,R4,A5,J5
AACGTGATCCAGTTCA,R3,A0,J13
AACGTGATCCGAAGTA,R4,A5,J5
AACGTGATCCGTGAGA,R4,A5,J5
AACGTGATCCTCCTGA,R4,A5,J5
AACGTGATAGTGGTCA,R0,A4,J0
AACGTGATCGAACTTA,R4,A5,J5
AACGTGATCGCATACA,R1,A0,J6
AACGTGATCTCAATGA,R0,A0,J0
AACGTGATCTGAGCCA,R4,A5,J5
AACGTGATCTGGCATA,R3,A5,J3
AACGTGATGAATCTGA,R0,A5,J4
AACGTGATCAAGACTA,R7,A5,J4
AACGTGATGAGCTGAA,R7,A5,J4
AACGTGATGATAGACA,R0,A0,J2
AACGTGATACCACTGT,R0,A4,J0
AACGTGATGCCACATA,R8,A0,J6
AACGTGATACATTGGC,R0,A4,J0
AACGTGATCAGATCTG,R4,A5,J0
ACCTCCAAAACGTGAT,R0,A4,J0
ACCTCCAAACAAGCTA,R3,A4,J3
ACCTCCAACTGTAGCC,R3,A4,J3
ACCTCCAAAGTACAAG,R3,A4,J3
ACCTCCAAAACAACCA,R0,A4,J0
ACCTCCAAAACCGAGA,R12,A5,J0
ACCTCCAAAACGCTTA,R12,A4,J0
ACCTCCAAAAGACGGA,R12,A4,J0
ACCTCCAAAAGGTACA,R0,A4,J0
ACCTCCAAACACAGAA,R0,A4,J0
ACCTCCAAACAGCAGA,R0,A4,J0
ACCTCCAAAAACATCG,R0,A0,J0
ACCTCCAAACCTCCAA,R0,A4,J0
ACCTCCAAACGCTCGA,R0,A4,J0
ACCTCCAAACGTATCA,R1,A5,J0
ACCTCCAAACTATGCA,R1,A5,J0
ACCTCCAAAGAGTCAA,R1,A4,J9
ACCTCCAAAGATCGCA,R1,A4,J3
ACCTCCAAAGCAGGAA,R0,A5,J0
ACCTCCAAAGTCACTA,R0,A5,J0
ACCTCCAAATCCTGTA,R1,A4,J0
ACCTCCAAATTGAGGA,R1,A5,J1
ACCTCCAAATGCCTAA,R5,A1,J2
ACCTCCAACAACCACA,R1,A4,J4
ACCTCCAAGACTAGTA,R1,A5,J6
ACCTCCAACAATGGAA,R1,A4,J4
ACCTCCAACACTTCGA,R4,A4,J5
ACCTCCAACAGCGTTA,R1,A2,J9
ACCTCCAACATACCAA,R2,A2,J9
ACCTCCAACCAGTTCA,R1,A5,J0
ACCTCCAACCGAAGTA,R3,A0,J3
ACCTCCAACCGTGAGA,R5,A1,J2
ACCTCCAACCTCCTGA,R3,A5,J3
ACCTCCAAAGTGGTCA,R5,A1,J2
ACCTCCAACGAACTTA,R3,A4,J3
ACCTCCAACGACTGGA,R0,A5,J0
ACCTCCAACGCATACA,R1,A4,J6
ACCTCCAACTCAATGA,R7,A5,J4
ACCTCCAACTGAGCCA,R7,A4,J4
ACCTCCAACTGGCATA,R0,A4,J4
ACCTCCAAGAATCTGA,R5,A7,J2
ACCTCCAACAAGACTA,R1,A1,J2
ACCTCCAAGAGCTGAA,R1,A5,J6
ACCTCCAAGATAGACA,R8,A7,J6
ACCTCCAAACCACTGT,R0,A4,J0
ACCTCCAAGCCACATA,R8,A7,J6
ACCTCCAAACATTGGC,R12,A4,J0
ACCTCCAACAGATCTG,R0,A4,J0
ACCTCCAACATCAAGT,R3,A4,J3
ACCTCCAACGCTGATC,R3,A4,J3
ACGCTCGAAACGTGAT,R5,A0,J2
ACGCTCGAACAAGCTA,R3,A5,J3
ACGCTCGACTGTAGCC,R3,A4,J3
ACGCTCGAAGTACAAG,R0,A4,J0
ACGCTCGAAACAACCA,R12,A5,J0
ACGCTCGAAACCGAGA,R12,A5,J0
ACGCTCGAAACGCTTA,R12,A4,J0
ACGCTCGAAAGACGGA,R0,A5,J0
ACGCTCGAAAGGTACA,R0,A4,J0
ACGCTCGAACACAGAA,R0,A4,J0
ACGCTCGAACAGCAGA,R0,A4,J0
ACGCTCGAAAACATCG,R5,A1,J2
ACGCTCGAACCTCCAA,R0,A4,J0
ACGCTCGAACGCTCGA,R0,A4,J0
ACGCTCGAACGTATCA,R1,A5,J4
ACGCTCGAACTATGCA,R1,A4,J0
ACGCTCGAAGAGTCAA,R1,A4,J0
ACGCTCGAAGATCGCA,R1,A4,J0
ACGCTCGAAGCAGGAA,R1,A4,J3
ACGCTCGAAGTCACTA,R1,A4,J0
ACGCTCGAATCCTGTA,R1,A5,J4
ACGCTCGAATTGAGGA,R1,A5,J8
ACGCTCGAATGCCTAA,R5,A1,J2
ACGCTCGACAACCACA,R5,A4,J2
ACGCTCGAGACTAGTA,R1,A4,J0
ACGCTCGACAATGGAA,R1,A4,J4
ACGCTCGACACTTCGA,R1,A4,J6
ACGCTCGACAGCGTTA,R1,A2,J9
ACGCTCGACATACCAA,R10,A2,J9
ACGCTCGACCAGTTCA,R1,A6,J6
ACGCTCGACCGAAGTA,R5,A7,J2
ACGCTCGACCGTGAGA,R0,A5,J0
ACGCTCGACCTCCTGA,R3,A4,J3
ACGCTCGAAGTGGTCA,R0,A5,J6
ACGCTCGACGAACTTA,R3,A4,J3
ACGCTCGACGACTGGA,R0,A5,J4
ACGCTCGACGCATACA,R7,A4,J4
ACGCTCGACTCAATGA,R1,A5,J4
ACGCTCGACTGAGCCA,R7,A5,J4
ACGCTCGACTGGCATA,R0,A5,J4
ACGCTCGAGAATCTGA,R5,A0,J0
ACGCTCGACAAGACTA,R5,A1,J2
ACGCTCGAGAGCTGAA,R4,A0,J2
ACGCTCGAGATAGACA,R5,A5,J6
ACGCTCGAACCACTGT,R0,A4,J0
ACGCTCGAGCCACATA,R8,A7,J6
ACGCTCGAACATTGGC,R12,A4,J0
ACGCTCGACAGATCTG,R3,A4,J3
ACGCTCGACATCAAGT,R3,A4,J3
ACGCTCGACGCTGATC,R3,A4,J3
ACGTATCAAACGTGAT,R5,A5,J2
ACGTATCAACAAGCTA,R3,A4,J3
ACGTATCACTGTAGCC,R0,A4,J0
ACGTATCAAGTACAAG,R0,A5,J0
ACGTATCAAACAACCA,R12,A4,J0
ACGTATCAAACCGAGA,R12,A4,J0
ACGTATCAAACGCTTA,R0,A4,J0
ACGTATCAAAGACGGA,R12,A5,J0
ACGTATCAAAGGTACA,R0,A4,J0
ACGTATCAACACAGAA,R0,A4,J0
ACGTATCAACAGCAGA,R0,A4,J0
ACGTATCAAAACATCG,R5,A1,J2
ACGTATCAACCTCCAA,R0,A4,J0
ACGTATCAACGCTCGA,R0,A4,J0
ACGTATCAACGTATCA,R1,A4,J0
ACGTATCAACTATGCA,R1,A5,J0
ACGTATCAAGAGTCAA,R1,A5,J0
ACGTATCAAGATCGCA,R1,A5,J4
ACGTATCAAGCAGGAA,R1,A4,J0
ACGTATCAAGTCACTA,R1,A4,J4
ACGTATCAATCCTGTA,R1,A5,J0
ACGTATCAATTGAGGA,R1,A4,J0
ACGTATCAATGCCTAA,R0,A1,J0
ACGTATCACAACCACA,R1,A4,J1
ACGTATCAGACTAGTA,R1,A5,J3
ACGTATCACAATGGAA,R5,A4,J2
ACGTATCACACTTCGA,R4,A4,J5
ACGTATCACAGCGTTA,R10,A2,J9
ACGTATCACATACCAA,R10,A2,J9
ACGTATCACCAGTTCA,R5,A1,J2
ACGTATCACCGAAGTA,R5,A1,J2
ACGTATCACCGTGAGA,R5,A4,J0
ACGTATCACCTCCTGA,R7,A5,J4
ACGTATCAAGTGGTCA,R0,A4,J0
ACGTATCACGAACTTA,R7,A5,J4
ACGTATCACGACTGGA,R7,A5,J4
ACGTATCACGCATACA,R7,A5,J4
ACGTATCACTCAATGA,R7,A5,J4
ACGTATCACTGAGCCA,R1,A5,J5
ACGTATCACTGGCATA,R0,A4,J0
ACGTATCAGAATCTGA,R5,A1,J2
ACGTATCACAAGACTA,R1,A1,J6
ACGTATCAGAGCTGAA,R4,A0,J2
ACGTATCAGATAGACA,R1,A0,J1
ACGTATCAACCACTGT,R0,A4,J0
ACGTATCAGCCACATA,R8,A7,J6
ACGTATCAACATTGGC,R0,A5,J0
ACGTATCACAGATCTG,R3,A5,J3
ACGTATCACATCAAGT,R3,A5,J3
ACGTATCACGCTGATC,R3,A4,J3
ACTATGCAAACGTGAT,R5,A0,J2
ACTATGCAACAAGCTA,R4,A0,J0
ACTATGCACTGTAGCC,R0,A5,J0
ACTATGCAAGTACAAG,R0,A4,J0
ACTATGCAAACAACCA,R0,A5,J0
ACTATGCAAACCGAGA,R12,A5,J0
ACTATGCAAACGCTTA,R0,A5,J0
ACTATGCAAAGACGGA,R0,A5,J0
ACTATGCAAAGGTACA,R0,A4,J4
ACTATGCAACACAGAA,R7,A5,J4
ACTATGCAACAGCAGA,R0,A4,J0
ACTATGCAAAACATCG,R5,A1,J2
ACTATGCAACCTCCAA,R3,A4,J3
ACTATGCAACGCTCGA,R0,A5,J0
ACTATGCAACGTATCA,R0,A4,J0
ACTATGCAACTATGCA,R0,A4,J0
ACTATGCAAGAGTCAA,R1,A5,J0
ACTATGCAAGATCGCA,R1,A4,J0
ACTATGCAAGCAGGAA,R1,A4,J0
ACTATGCAAGTCACTA,R1,A4,J0
ACTATGCAATCCTGTA,R1,A4,J0
ACTATGCAATTGAGGA,R1,A4,J0
ACTATGCAATGCCTAA,R0,A4,J0
ACTATGCACAACCACA,R1,A4,J0
ACTATGCAGACTAGTA,R1,A4,J3
ACTATGCACAATGGAA,R1,A4,J5
ACTATGCACACTTCGA,R1,A5,J5
ACTATGCACAGCGTTA,R10,A7,J11
ACTATGCACATACCAA,R1,A5,J0
ACTATGCACCAGTTCA,R3,A4,J3
ACTATGCACCGAAGTA,R3,A4,J3
ACTATGCACCGTGAGA,R7,A5,J4
ACTATGCACCTCCTGA,R7,A4,J4
ACTATGCAAGTGGTCA,R0,A4,J0
ACTATGCACGAACTTA,R7,A4,J4
ACTATGCACGACTGGA,R0,A4,J4
ACTATGCACGCATACA,R7,A5,J4
ACTATGCACTCAATGA,R7,A5,J4
ACTATGCACTGAGCCA,R3,A5,J0
ACTATGCACTGGCATA,R0,A5,J4
ACTATGCAGAATCTGA,R5,A1,J2
ACTATGCAGAGCTGAA,R0,A0,J2
ACTATGCAGATAGACA,R8,A0,J6
ACTATGCAACCACTGT,R0,A4,J0
ACTATGCAGCCACATA,R8,A7,J6
ACTATGCAACATTGGC,R3,A4,J3
ACTATGCACAGATCTG,R3,A4,J3
ACTATGCACATCAAGT,R0,A0,J0
ACTATGCACGCTGATC,R0,A1,J0
AGAGTCAAAACGTGAT,R0,A5,J0
AGAGTCAAACAAGCTA,R0,A0,J0
AGAGTCAACTGTAGCC,R4,A4,J0
AGAGTCAAAGTACAAG,R0,A4,J0
AGAGTCAAAACAACCA,R0,A4,J0
AGAGTCAAAACCGAGA,R0,A4,J0
AGAGTCAAAACGCTTA,R0,A4,J0
AGAGTCAAAAGACGGA,R0,A4,J0
AGAGTCAAAAGGTACA,R0,A4,J0
AGAGTCAAACACAGAA,R7,A4,J4
AGAGTCAAACAGCAGA,R0,A4,J0
AGAGTCAAAAACATCG,R0,A4,J0
AGAGTCAAACCTCCAA,R3,A4,J3
AGAGTCAAACGCTCGA,R3,A4,J3
AGAGTCAAACGTATCA,R0,A4,J0
AGAGTCAAACTATGCA,R0,A4,J0
AGAGTCAAAGAGTCAA,R1,A4,J0
AGAGTCAAAGATCGCA,R0,A5,J0
AGAGTCAAAGCAGGAA,R1,A4,J0
AGAGTCAAAGTCACTA,R7,A5,J4
AGAGTCAAATCCTGTA,R7,A4,J4
AGAGTCAAATTGAGGA,R7,A4,J4
AGAGTCAAATGCCTAA,R0,A4,J0
AGAGTCAACAACCACA,R7,A4,J4
AGAGTCAAGACTAGTA,R7,A5,J4
AGAGTCAACAATGGAA,R1,A2,J9
AGAGTCAACACTTCGA,R1,A6,J11
AGAGTCAACAGCGTTA,R1,A4,J0
AGAGTCAACATACCAA,R3,A4,J3
AGAGTCAACCAGTTCA,R3,A4,J3
AGAGTCAACCGAAGTA,R0,A5,J4
AGAGTCAACCGTGAGA,R0,A5,J0
AGAGTCAACCTCCTGA,R0,A0,J0
AGAGTCAAAGTGGTCA,R0,A4,J0
AGAGTCAACGAACTTA,R0,A4,J4
AGAGTCAACGACTGGA,R0,A5,J4
AGAGTCAACGCATACA,R0,A0,J4
AGAGTCAACTCAATGA,R0,A5,J0
AGAGTCAACTGAGCCA,R0,A5,J0
AGAGTCAACTGGCATA,R5,A0,J2
AGAGTCAAGAGCTGAA,R0,A1,J2
AGAGTCAAGATAGACA,R1,A0,J6
AGAGTCAAACCACTGT,R0,A4,J0
AGAGTCAAGCCACATA,R8,A7,J6
AGAGTCAAACATTGGC,R0,A4,J0
AGAGTCAACAGATCTG,R3,A4,J3
AGAGTCAACATCAAGT,R0,A4,J0
AGAGTCAACGCTGATC,R1,A0,J0
AGATCGCAAACGTGAT,R0,A4,J0
AGATCGCAACAAGCTA,R0,A0,J0
AGATCGCACTGTAGCC,R5,A0,J8
AGATCGCAAGTACAAG,R0,A4,J0
AGATCGCAAACAACCA,R0,A4,J0
AGATCGCAAACCGAGA,R3,A4,J3
AGATCGCAAACGCTTA,R0,A4,J0
AGATCGCAAAGACGGA,R0,A4,J0
AGATCGCAAAGGTACA,R0,A4,J0
AGATCGCAACACAGAA,R0,A4,J0
AGATCGCAACAGCAGA,R3,A4,J3
AGATCGCAAAACATCG,R0,A4,J0
AGATCGCAACCTCCAA,R3,A4,J3
AGATCGCAACGCTCGA,R3,A5,J3
AGATCGCAACGTATCA,R0,A5,J0
AGATCGCAACTATGCA,R1,A5,J0
AGATCGCAAGAGTCAA,R0,A4,J0
AGATCGCAAGATCGCA,R1,A5,J4
AGATCGCAAGCAGGAA,R7,A4,J4
AGATCGCAAGTCACTA,R7,A4,J4
AGATCGCAATCCTGTA,R1,A5,J4
AGATCGCAATTGAGGA,R1,A4,J4
AGATCGCAATGCCTAA,R0,A4,J0
AGATCGCACAACCACA,R1,A4,J9
AGATCGCAGACTAGTA,R7,A5,J4
AGATCGCACAATGGAA,R7,A5,J4
AGATCGCACACTTCGA,R1,A5,J9
AGATCGCACAGCGTTA,R1,A5,J0
AGATCGCACATACCAA,R1,A5,J0
AGATCGCACCAGTTCA,R7,A5,J4
AGATCGCACCGAAGTA,R7,A5,J4
AGATCGCACCGTGAGA,R7,A5,J4
AGATCGCACCTCCTGA,R7,A5,J4
AGATCGCAAGTGGTCA,R4,A4,J5
AGATCGCACGAACTTA,R0,A5,J0
AGATCGCACGACTGGA,R0,A5,J0
AGATCGCACGCATACA,R0,A4,J0
AGATCGCACTCAATGA,R0,A5,J0
AGATCGCACTGAGCCA,R1,A0,J6
AGATCGCACTGGCATA,R0,A5,J4
AGATCGCAGAGCTGAA,R7,A1,J4
AGATCGCAGATAGACA,R0,A0,J6
AGATCGCAACCACTGT,R10,A3,J9
AGATCGCAGCCACATA,R8,A7,J6
AGATCGCAACATTGGC,R10,A3,J9
AGATCGCACAGATCTG,R10,A3,J9
AGATCGCACATCAAGT,R0,A4,J9
AGATCGCACGCTGATC,R1,A0,J9
AGCAGGAAAACGTGAT,R0,A4,J0
AGCAGGAAACAAGCTA,R1,A0,J0
AGCAGGAACTGTAGCC,R1,A5,J0
AGCAGGAAAGTACAAG,R0,A4,J0
AGCAGGAAAACAACCA,R0,A5,J3
AGCAGGAAAACCGAGA,R3,A4,J3
AGCAGGAAAACGCTTA,R3,A4,J3
AGCAGGAAAAGACGGA,R3,A4,J3
AGCAGGAAAAGGTACA,R3,A4,J3
AGCAGGAAACACAGAA,R0,A5,J0
AGCAGGAAACAGCAGA,R3,A5,J3
AGCAGGAAAAACATCG,R0,A4,J0
AGCAGGAAACCTCCAA,R3,A4,J3
AGCAGGAAACGCTCGA,R0,A5,J3
AGCAGGAAACGTATCA,R3,A4,J0
AGCAGGAAACTATGCA,R3,A5,J3
AGCAGGAAAGAGTCAA,R0,A5,J4
AGCAGGAAAGATCGCA,R7,A5,J4
AGCAGGAAAGCAGGAA,R1,A5,J4
AGCAGGAAAGTCACTA,R7,A5,J4
AGCAGGAAATCCTGTA,R1,A5,J4
AGCAGGAAATTGAGGA,R1,A5,J4
AGCAGGAAATGCCTAA,R0,A5,J0
AGCAGGAACAACCACA,R1,A5,J12
AGCAGGAAGACTAGTA,R1,A4,J4
AGCAGGAACAATGGAA,R7,A5,J4
AGCAGGAACACTTCGA,R4,A5,J5
AGCAGGAACAGCGTTA,R0,A5,J4
AGCAGGAACATACCAA,R1,A5,J12
AGCAGGAACCAGTTCA,R1,A0,J4
AGCAGGAACCGAAGTA,R4,A5,J5
AGCAGGAACCGTGAGA,R7,A5,J4
AGCAGGAACCTCCTGA,R0,A0,J4
AGCAGGAAAGTGGTCA,R9,A3,J9
AGCAGGAACGAACTTA,R0,A0,J0
AGCAGGAACGACTGGA,R0,A0,J4
AGCAGGAACGCATACA,R0,A0,J2
AGCAGGAACTCAATGA,R0,A1,J2
AGCAGGAACTGAGCCA,R5,A0,J2
AGCAGGAAGAGCTGAA,R7,A5,J4
AGCAGGAAGATAGACA,R7,A0,J4
AGCAGGAAACCACTGT,R10,A3,J9
AGCAGGAAGCCACATA,R8,A5,J6
AGCAGGAAACATTGGC,R10,A3,J9
AGCAGGAACAGATCTG,R10,A3,J9
AGCAGGAACATCAAGT,R10,A3,J9
AGCAGGAACGCTGATC,R0,A5,J0
AGTCACTAAACGTGAT,R0,A4,J0
AGTCACTAACAAGCTA,R1,A5,J0
AGTCACTACTGTAGCC,R1,A4,J0
AGTCACTAAGTACAAG,R1,A4,J4
AGTCACTAAACAACCA,R0,A5,J3
AGTCACTAAACCGAGA,R3,A4,J3
AGTCACTAAACGCTTA,R3,A5,J3
AGTCACTAAAGACGGA,R3,A4,J3
AGTCACTAAAGGTACA,R3,A4,J3
AGTCACTAACACAGAA,R3,A5,J3
AGTCACTAACAGCAGA,R0,A5,J0
AGTCACTAAAACATCG,R0,A4,J0
AGTCACTAACCTCCAA,R0,A5,J0
AGTCACTAACGCTCGA,R3,A5,J3
AGTCACTAACGTATCA,R0,A4,J0
AGTCACTAACTATGCA,R3,A5,J3
AGTCACTAAGAGTCAA,R0,A5,J4
AGTCACTAAGATCGCA,R7,A5,J4
AGTCACTAAGCAGGAA,R7,A5,J4
AGTCACTAAGTCACTA,R7,A5,J4
AGTCACTAATCCTGTA,R1,A5,J13
AGTCACTAATTGAGGA,R1,A5,J4
AGTCACTAATGCCTAA,R10,A3,J9
AGTCACTACAACCACA,R5,A5,J2
AGTCACTAGACTAGTA,R1,A5,J4
AGTCACTACAATGGAA,R7,A5,J4
AGTCACTACACTTCGA,R7,A5,J4
AGTCACTACAGCGTTA,R7,A5,J4
AGTCACTACATACCAA,R4,A5,J4
AGTCACTACCAGTTCA,R4,A5,J0
AGTCACTACCGAAGTA,R1,A5,J4
AGTCACTACCGTGAGA,R4,A0,J5
AGTCACTACCTCCTGA,R5,A0,J2
AGTCACTAAGTGGTCA,R10,A3,J9
AGTCACTACGAACTTA,R0,A5,J5
AGTCACTACGACTGGA,R5,A0,J2
AGTCACTACGCATACA,R1,A1,J0
AGTCACTAGATAGACA,R7,A0,J4
AGTCACTAACCACTGT,R4,A6,J9
AGTCACTAGCCACATA,R8,A7,J6
AGTCACTAACATTGGC,R4,A6,J5
AGTCACTACAGATCTG,R10,A7,J9
AGTCACTACATCAAGT,R10,A3,J9
AGTCACTACGCTGATC,R1,A3,J9
ATCCTGTAAACGTGAT,R0,A4,J0
ATCCTGTAACAAGCTA,R1,A5,J0
ATCCTGTACTGTAGCC,R1,A4,J1
ATCCTGTAAGTACAAG,R1,A4,J0
ATCCTGTAAACAACCA,R1,A5,J0
ATCCTGTAAACCGAGA,R3,A5,J3
ATCCTGTAAACGCTTA,R3,A4,J3
ATCCTGTAAAGACGGA,R3,A4,J3
ATCCTGTAAAGGTACA,R3,A4,J3
ATCCTGTAACACAGAA,R0,A5,J0
ATCCTGTAACAGCAGA,R0,A5,J0
ATCCTGTAAAACATCG,R0,A4,J0
ATCCTGTAACCTCCAA,R0,A5,J0
ATCCTGTAACGCTCGA,R3,A0,J3
ATCCTGTAACGTATCA,R0,A4,J0
ATCCTGTAACTATGCA,R7,A4,J4
ATCCTGTAAGAGTCAA,R7,A0,J4
ATCCTGTAAGATCGCA,R7,A5,J4
ATCCTGTAAGCAGGAA,R7,A5,J4
ATCCTGTAAGTCACTA,R7,A5,J4
ATCCTGTAATCCTGTA,R0,A5,J9
ATCCTGTAATTGAGGA,R1,A5,J4
ATCCTGTAATGCCTAA,R10,A3,J9
ATCCTGTACAACCACA,R4,A5,J5
ATCCTGTAGACTAGTA,R7,A5,J4
ATCCTGTACAATGGAA,R7,A4,J4
ATCCTGTACACTTCGA,R4,A0,J4
ATCCTGTACAGCGTTA,R4,A0,J13
ATCCTGTACATACCAA,R4,A1,J2
ATCCTGTACCAGTTCA,R4,A0,J5
ATCCTGTACCGAAGTA,R4,A5,J5
ATCCTGTACCGTGAGA,R4,A0,J5
ATCCTGTAAGTGGTCA,R10,A3,J9
ATCCTGTAGATAGACA,R7,A0,J4
ATCCTGTAACCACTGT,R10,A6,J9
ATCCTGTAGCCACATA,R8,A5,J6
ATCCTGTAACATTGGC,R1,A5,J9
ATCCTGTACAGATCTG,R4,A5,J5
ATCCTGTACATCAAGT,R10,A3,J9
ATCCTGTACGCTGATC,R1,A3,J9
ATTGAGGAAACGTGAT,R0,A4,J0
ATTGAGGAACAAGCTA,R1,A4,J0
ATTGAGGACTGTAGCC,R1,A0,J3
ATTGAGGAAGTACAAG,R1,A5,J11
ATTGAGGAAACAACCA,R1,A0,J2
ATTGAGGAAACCGAGA,R1,A5,J4
ATTGAGGAAACGCTTA,R7,A5,J4
ATTGAGGAAAGACGGA,R7,A4,J4
ATTGAGGAAAGGTACA,R7,A5,J4
ATTGAGGAACACAGAA,R7,A5,J4
ATTGAGGAACAGCAGA,R0,A5,J0
ATTGAGGAAAACATCG,R0,A4,J0
ATTGAGGAACCTCCAA,R0,A5,J4
ATTGAGGAACGCTCGA,R0,A5,J0
ATTGAGGAACGTATCA,R0,A4,J0
ATTGAGGAACTATGCA,R0,A5,J4
ATTGAGGAAGAGTCAA,R7,A5,J4
ATTGAGGAAGATCGCA,R7,A4,J4
ATTGAGGAAGCAGGAA,R7,A4,J4
ATTGAGGAAGTCACTA,R1,A5,J4
ATTGAGGAATCCTGTA,R10,A6,J11
ATTGAGGAATTGAGGA,R1,A5,J11
ATTGAGGAATGCCTAA,R10,A3,J9
ATTGAGGACAACCACA,R0,A4,J0
ATTGAGGAGACTAGTA,R7,A5,J4
ATTGAGGACAATGGAA,R7,A5,J4
ATTGAGGACACTTCGA,R4,A0,J5
ATTGAGGACAGCGTTA,R1,A5,J1
ATTGAGGACATACCAA,R1,A5,J5
ATTGAGGAAGTGGTCA,R10,A3,J9
ATTGAGGAGAGCTGAA,R4,A0,J4
ATTGAGGAGATAGACA,R7,A0,J4
ATTGAGGAACCACTGT,R10,A3,J9
ATTGAGGAGCCACATA,R0,A0,J4
ATTGAGGAACATTGGC,R10,A6,J9
ATTGAGGACAGATCTG,R10,A6,J9
ATTGAGGACATCAAGT,R10,A3,J9
ATTGAGGACGCTGATC,R1,A3,J9
AAACATCGAACGTGAT,R1,A4,J0
AAACATCGAAGACGGA,R0,A5,J4
AAACATCGAAGGTACA,R5,A0,J3
AAACATCGACACAGAA,R3,A5,J3
AAACATCGACAGCAGA,R3,A5,J3
AAACATCGAAACATCG,R0,A4,J0
AAACATCGACCTCCAA,R3,A0,J3
AAACATCGACGCTCGA,R3,A5,J3
AAACATCGACGTATCA,R3,A4,J3
AAACATCGACTATGCA,R3,A4,J3
AAACATCGAGAGTCAA,R3,A4,J3
AAACATCGAGATCGCA,R3,A5,J3
AAACATCGAGCAGGAA,R7,A5,J0
AAACATCGAGTCACTA,R7,A5,J4
AAACATCGATCCTGTA,R7,A5,J4
AAACATCGATTGAGGA,R3,A0,J13
AAACATCGATGCCTAA,R0,A4,J0
AAACATCGCAACCACA,R3,A5,J13
AAACATCGGACTAGTA,R3,A5,J13
AAACATCGCAATGGAA,R3,A0,J13
AAACATCGCACTTCGA,R3,A4,J13
AAACATCGCAGCGTTA,R3,A0,J13
AAACATCGCATACCAA,R4,A0,J13
AAACATCGCCAGTTCA,R4,A0,J5
AAACATCGCCGAAGTA,R4,A5,J5
AAACATCGCCGTGAGA,R4,A4,J5
AAACATCGCCTCCTGA,R4,A5,J5
AAACATCGAGTGGTCA,R7,A4,J4
AAACATCGCGAACTTA,R4,A5,J5
AAACATCGCGACTGGA,R0,A0,J0
AAACATCGCGCATACA,R0,A0,J0
AAACATCGCTCAATGA,R0,A0,J0
AAACATCGCTGAGCCA,R3,A5,J3
AAACATCGCTGGCATA,R3,A5,J3
AAACATCGGAATCTGA,R7,A4,J4
AAACATCGCAAGACTA,R7,A4,J4
AAACATCGGAGCTGAA,R0,A0,J4
AAACATCGGATAGACA,R7,A1,J2
AAACATCGACCACTGT,R0,A4,J0
AAACATCGGCCACATA,R1,A0,J6
AAACATCGACATTGGC,R0,A4,J0
AAACATCGCAGATCTG,R4,A5,J0
CAACCACAAACGTGAT,R0,A4,J0
CAACCACAACAAGCTA,R1,A5,J4
CAACCACACTGTAGCC,R1,A4,J9
CAACCACAAGTACAAG,R5,A0,J2
CAACCACAAACAACCA,R0,A5,J0
CAACCACAAACCGAGA,R0,A4,J0
CAACCACAAACGCTTA,R0,A5,J4
CAACCACAAAGACGGA,R7,A5,J4
CAACCACAAAGGTACA,R0,A5,J11
CAACCACAACACAGAA,R11,A5,J11
CAACCACAACAGCAGA,R11,A5,J11
CAACCACAAAACATCG,R0,A4,J0
CAACCACAACCTCCAA,R11,A5,J11
CAACCACAACGCTCGA,R11,A5,J11
CAACCACAACGTATCA,R10,A7,J11
CAACCACAACTATGCA,R4,A4,J5
CAACCACAAGAGTCAA,R7,A5,J4
CAACCACAAGATCGCA,R7,A5,J4
CAACCACAAGCAGGAA,R7,A5,J4
CAACCACAAGTCACTA,R7,A5,J4
CAACCACAATCCTGTA,R10,A2,J11
CAACCACAATTGAGGA,R0,A4,J0
CAACCACAATGCCTAA,R0,A4,J0
CAACCACACAACCACA,R1,A4,J4
CAACCACAGACTAGTA,R0,A5,J0
CAACCACACAATGGAA,R5,A0,J0
CAACCACACACTTCGA,R1,A5,J5
CAACCACACAGCGTTA,R1,A0,J2
CAACCACACATACCAA,R1,A0,J1
CAACCACACCAGTTCA,R1,A0,J5
CAACCACACCGAAGTA,R4,A0,J2
CAACCACACCGTGAGA,R1,A0,J0
CAACCACACCTCCTGA,R1,A0,J5
CAACCACAAGTGGTCA,R10,A3,J9
CAACCACACGAACTTA,R0,A0,J4
CAACCACACGACTGGA,R1,A0,J6
CAACCACACGCATACA,R5,A5,J2
CAACCACACTCAATGA,R1,A0,J2
CAACCACACTGAGCCA,R2,A7,J1
CAACCACACTGGCATA,R2,A6,J1
CAACCACAGAATCTGA,R2,A0,J1
CAACCACACAAGACTA,R4,A0,J2
CAACCACAGAGCTGAA,R0,A0,J4
CAACCACAGATAGACA,R7,A0,J4
CAACCACAACCACTGT,R10,A3,J9
CAACCACAGCCACATA,R1,A5,J6
CAACCACAACATTGGC,R10,A3,J9
CAACCACACAGATCTG,R10,A3,J9
CAACCACACATCAAGT,R10,A3,J9
CAACCACACGCTGATC,R0,A4,J0
GACTAGTAAACGTGAT,R0,A0,J0
GACTAGTAACAAGCTA,R0,A5,J0
GACTAGTACTGTAGCC,R1,A0,J4
GACTAGTAAGTACAAG,R1,A4,J0
GACTAGTAAACAACCA,R1,A0,J9
GACTAGTAAACCGAGA,R0,A4,J0
GACTAGTAAACGCTTA,R0,A5,J11
GACTAGTAAAGACGGA,R11,A5,J11
GACTAGTAAAGGTACA,R11,A5,J11
GACTAGTAACACAGAA,R11,A5,J11
GACTAGTAACAGCAGA,R11,A0,J11
GACTAGTAAAACATCG,R0,A4,J0
GACTAGTAACCTCCAA,R11,A6,J11
GACTAGTAACGCTCGA,R11,A0,J11
GACTAGTAACGTATCA,R11,A6,J11
GACTAGTAACTATGCA,R11,A4,J11
GACTAGTAAGAGTCAA,R7,A5,J4
GACTAGTAAGATCGCA,R7,A5,J4
GACTAGTAAGCAGGAA,R0,A5,J4
GACTAGTAAGTCACTA,R1,A5,J11
GACTAGTAATCCTGTA,R10,A7,J11
GACTAGTAATTGAGGA,R4,A5,J2
GACTAGTAATGCCTAA,R0,A4,J0
GACTAGTACAACCACA,R4,A5,J5
GACTAGTAGACTAGTA,R1,A6,J1
GACTAGTACAATGGAA,R2,A6,J7
GACTAGTACACTTCGA,R1,A6,J1
GACTAGTACAGCGTTA,R2,A6,J1
GACTAGTACATACCAA,R2,A6,J1
GACTAGTACCAGTTCA,R2,A6,J1
GACTAGTACCGAAGTA,R2,A6,J1
GACTAGTACCGTGAGA,R2,A5,J7
GACTAGTACCTCCTGA,R1,A5,J12
GACTAGTAAGTGGTCA,R0,A4,J0
GACTAGTACGAACTTA,R1,A5,J2
GACTAGTACGACTGGA,R1,A0,J1
GACTAGTACGCATACA,R1,A5,J1
GACTAGTACTCAATGA,R2,A6,J1
GACTAGTACTGAGCCA,R2,A6,J1
GACTAGTACTGGCATA,R2,A6,J1
GACTAGTAGAATCTGA,R2,A6,J1
GACTAGTACAAGACTA,R2,A6,J1
GACTAGTAGAGCTGAA,R2,A6,J1
GACTAGTAGATAGACA,R7,A5,J4
GACTAGTAACCACTGT,R0,A3,J9
GACTAGTAGCCACATA,R8,A5,J6
GACTAGTAACATTGGC,R10,A4,J9
GACTAGTACAGATCTG,R0,A4,J9
GACTAGTACATCAAGT,R3,A4,J3
GACTAGTACGCTGATC,R3,A5,J3
CAATGGAAAACGTGAT,R0,A0,J0
CAATGGAAACAAGCTA,R0,A5,J0
CAATGGAACTGTAGCC,R7,A0,J4
CAATGGAAAGTACAAG,R7,A5,J4
CAATGGAAAACAACCA,R5,A0,J2
CAATGGAAAACCGAGA,R5,A0,J0
CAATGGAAAACGCTTA,R11,A5,J11
CAATGGAAAAGACGGA,R11,A6,J11
CAATGGAAAAGGTACA,R11,A5,J11
CAATGGAAACACAGAA,R11,A6,J11
CAATGGAAACAGCAGA,R11,A5,J11
CAATGGAAAAACATCG,R0,A0,J0
CAATGGAAACCTCCAA,R11,A1,J11
CAATGGAAACGCTCGA,R11,A6,J11
CAATGGAAACGTATCA,R11,A5,J11
CAATGGAAACTATGCA,R11,A4,J11
CAATGGAAAGAGTCAA,R0,A5,J0
CAATGGAAAGATCGCA,R4,A5,J0
CAATGGAAAGCAGGAA,R4,A4,J12
CAATGGAAAGTCACTA,R4,A5,J2
CAATGGAAATCCTGTA,R4,A5,J5
CAATGGAAATTGAGGA,R2,A6,J1
CAATGGAAATGCCTAA,R0,A0,J0
CAATGGAACAACCACA,R2,A6,J1
CAATGGAAGACTAGTA,R2,A6,J7
CAATGGAACAATGGAA,R2,A6,J1
CAATGGAACACTTCGA,R2,A6,J1
CAATGGAACAGCGTTA,R2,A6,J1
CAATGGAACATACCAA,R2,A6,J1
CAATGGAACCAGTTCA,R2,A6,J1
CAATGGAACCGAAGTA,R2,A6,J7
CAATGGAACCGTGAGA,R2,A6,J1
CAATGGAACCTCCTGA,R2,A6,J1
CAATGGAAAGTGGTCA,R0,A5,J0
CAATGGAACGAACTTA,R2,A6,J1
CAATGGAACGACTGGA,R2,A6,J1
CAATGGAACGCATACA,R2,A6,J1
CAATGGAACTCAATGA,R2,A6,J1
CAATGGAACTGAGCCA,R2,A6,J1
CAATGGAACTGGCATA,R2,A6,J1
CAATGGAAGAATCTGA,R2,A6,J1
CAATGGAACAAGACTA,R2,A6,J1
CAATGGAAGAGCTGAA,R2,A6,J1
CAATGGAAGATAGACA,R7,A5,J4
CAATGGAAACCACTGT,R0,A5,J0
CAATGGAAGCCACATA,R8,A7,J6
CAATGGAAACATTGGC,R0,A5,J0
CAATGGAACAGATCTG,R0,A4,J0
CAATGGAACATCAAGT,R0,A4,J0
CAATGGAACGCTGATC,R0,A5,J0
CACTTCGAAACGTGAT,R5,A1,J0
CACTTCGAACAAGCTA,R0,A5,J0
CACTTCGACTGTAGCC,R0,A0,J0
CACTTCGAAGTACAAG,R0,A1,J2
CACTTCGAAACAACCA,R5,A0,J2
CACTTCGAAACCGAGA,R0,A1,J0
CACTTCGAAACGCTTA,R11,A5,J11
CACTTCGAAAGACGGA,R11,A5,J11
CACTTCGAAAGGTACA,R11,A5,J11
CACTTCGAACACAGAA,R11,A5,J11
CACTTCGAACAGCAGA,R11,A5,J11
CACTTCGAAAACATCG,R0,A1,J0
CACTTCGAACCTCCAA,R11,A7,J11
CACTTCGAACGCTCGA,R11,A5,J11
CACTTCGAACGTATCA,R11,A5,J11
CACTTCGAACTATGCA,R0,A4,J0
CACTTCGAAGAGTCAA,R0,A5,J0
CACTTCGAAGATCGCA,R0,A5,J0
CACTTCGAAGCAGGAA,R1,A6,J7
CACTTCGAAGTCACTA,R1,A6,J1
CACTTCGAATCCTGTA,R2,A6,J1
CACTTCGAATTGAGGA,R2,A6,J1
CACTTCGAATGCCTAA,R0,A0,J0
CACTTCGACAACCACA,R2,A6,J1
CACTTCGAGACTAGTA,R2,A6,J1
CACTTCGACAATGGAA,R2,A6,J1
CACTTCGACACTTCGA,R2,A6,J1
CACTTCGACAGCGTTA,R2,A6,J1
CACTTCGACATACCAA,R2,A6,J1
CACTTCGACCAGTTCA,R2,A6,J7
CACTTCGACCGAAGTA,R2,A6,J7
CACTTCGACCGTGAGA,R2,A6,J1
CACTTCGACCTCCTGA,R2,A6,J1
CACTTCGAAGTGGTCA,R0,A5,J0
CACTTCGACGAACTTA,R2,A6,J1
CACTTCGACGACTGGA,R2,A6,J1
CACTTCGACGCATACA,R2,A0,J1
CACTTCGACTCAATGA,R2,A0,J1
CACTTCGACTGAGCCA,R2,A6,J1
CACTTCGACTGGCATA,R2,A6,J1
CACTTCGAGAATCTGA,R2,A6,J1
CACTTCGACAAGACTA,R2,A0,J1
CACTTCGAGAGCTGAA,R2,A6,J1
CACTTCGAGATAGACA,R2,A0,J6
CACTTCGAACCACTGT,R12,A5,J0
CACTTCGAGCCACATA,R8,A7,J6
CACTTCGAACATTGGC,R12,A5,J0
CACTTCGACAGATCTG,R12,A5,J0
CACTTCGACATCAAGT,R0,A5,J0
CACTTCGACGCTGATC,R0,A5,J0
CAGCGTTAAACGTGAT,R0,A1,J0
CAGCGTTAACAAGCTA,R5,A0,J2
CAGCGTTACTGTAGCC,R5,A0,J10
CAGCGTTAAGTACAAG,R5,A0,J2
CAGCGTTAAACAACCA,R5,A0,J2
CAGCGTTAAACCGAGA,R5,A0,J2
CAGCGTTAAACGCTTA,R5,A0,J2
CAGCGTTAAAGACGGA,R11,A5,J11
CAGCGTTAAAGGTACA,R10,A5,J11
CAGCGTTAACACAGAA,R11,A5,J11
CAGCGTTAACAGCAGA,R11,A7,J11
CAGCGTTAAAACATCG,R0,A5,J0
CAGCGTTAACCTCCAA,R1,A5,J11
CAGCGTTAACGCTCGA,R0,A4,J5
CAGCGTTAACGTATCA,R0,A4,J0
CAGCGTTAACTATGCA,R5,A4,J2
CAGCGTTAAGAGTCAA,R0,A5,J3
CAGCGTTAAGATCGCA,R2,A6,J7
CAGCGTTAAGCAGGAA,R2,A6,J7
CAGCGTTAAGTCACTA,R2,A6,J7
CAGCGTTAATCCTGTA,R2,A6,J1
CAGCGTTAATTGAGGA,R2,A6,J1
CAGCGTTAATGCCTAA,R12,A4,J0
CAGCGTTACAACCACA,R2,A6,J7
CAGCGTTAGACTAGTA,R2,A6,J1
CAGCGTTACAATGGAA,R2,A6,J1
CAGCGTTACACTTCGA,R2,A6,J1
CAGCGTTACAGCGTTA,R2,A6,J1
CAGCGTTACATACCAA,R2,A6,J1
CAGCGTTACCAGTTCA,R2,A6,J1
CAGCGTTACCGAAGTA,R2,A6,J1
CAGCGTTACCGTGAGA,R2,A6,J1
CAGCGTTACCTCCTGA,R2,A6,J1
CAGCGTTAAGTGGTCA,R12,A5,J0
CAGCGTTACGAACTTA,R2,A6,J1
CAGCGTTACGACTGGA,R2,A6,J1
CAGCGTTACGCATACA,R2,A6,J1
CAGCGTTACTCAATGA,R2,A2,J1
CAGCGTTACTGAGCCA,R2,A6,J1
CAGCGTTACTGGCATA,R2,A6,J1
CAGCGTTAGAATCTGA,R2,A6,J1
CAGCGTTACAAGACTA,R2,A6,J1
CAGCGTTAGAGCTGAA,R2,A6,J1
CAGCGTTAGATAGACA,R2,A6,J1
CAGCGTTAACCACTGT,R12,A5,J0
CAGCGTTAGCCACATA,R8,A7,J6
CAGCGTTAACATTGGC,R0,A0,J0
CAGCGTTACAGATCTG,R5,A0,J2
CAGCGTTACATCAAGT,R5,A0,J2
CAGCGTTACGCTGATC,R5,A7,J2
CATACCAAAACGTGAT,R12,A0,J0
CATACCAAACAAGCTA,R2,A6,J7
CATACCAACTGTAGCC,R6,A6,J7
CATACCAAAGTACAAG,R2,A6,J7
CATACCAAAACAACCA,R2,A6,J7
CATACCAAAACCGAGA,R5,A1,J2
CATACCAAAACGCTTA,R5,A1,J2
CATACCAAAAGACGGA,R5,A0,J2
CATACCAAAAGGTACA,R5,A7,J2
CATACCAAACACAGAA,R5,A0,J2
CATACCAAACAGCAGA,R5,A0,J2
CATACCAAAAACATCG,R12,A5,J0
CATACCAAACCTCCAA,R5,A0,J2
CATACCAAACGCTCGA,R5,A4,J0
CATACCAAACGTATCA,R0,A4,J0
CATACCAAACTATGCA,R1,A5,J6
CATACCAAAGAGTCAA,R2,A6,J7
CATACCAAAGATCGCA,R1,A6,J7
CATACCAAAGCAGGAA,R2,A6,J1
CATACCAAAGTCACTA,R2,A6,J1
CATACCAAATCCTGTA,R2,A6,J1
CATACCAAATTGAGGA,R2,A6,J1
CATACCAAATGCCTAA,R5,A1,J0
CATACCAACAACCACA,R2,A6,J1
CATACCAAGACTAGTA,R2,A6,J1
CATACCAACAATGGAA,R2,A6,J1
CATACCAACACTTCGA,R2,A6,J1
CATACCAACAGCGTTA,R2,A6,J1
CATACCAACATACCAA,R2,A6,J1
CATACCAACCAGTTCA,R2,A6,J1
CATACCAACCGAAGTA,R2,A6,J1
CATACCAACCGTGAGA,R2,A6,J1
CATACCAACCTCCTGA,R2,A6,J1
CATACCAAAGTGGTCA,R0,A0,J0
CATACCAACGAACTTA,R2,A6,J1
CATACCAACGACTGGA,R2,A6,J1
CATACCAACGCATACA,R2,A6,J1
CATACCAACTCAATGA,R2,A6,J1
CATACCAACTGAGCCA,R2,A6,J1
CATACCAACTGGCATA,R2,A6,J1
CATACCAAGAATCTGA,R2,A6,J1
CATACCAACAAGACTA,R2,A6,J1
CATACCAAGAGCTGAA,R2,A6,J1
CATACCAAGATAGACA,R8,A7,J6
CATACCAAACCACTGT,R4,A0,J2
CATACCAAGCCACATA,R8,A7,J6
CATACCAAACATTGGC,R1,A6,J7
CATACCAACAGATCTG,R2,A6,J7
CATACCAACATCAAGT,R6,A6,J7
CATACCAACGCTGATC,R6,A6,J7
CCAGTTCAAACGTGAT,R0,A1,J2
CCAGTTCAACAAGCTA,R6,A6,J7
CCAGTTCACTGTAGCC,R6,A6,J7
CCAGTTCAAGTACAAG,R6,A6,J7
CCAGTTCAAACAACCA,R6,A6,J7
CCAGTTCAAACCGAGA,R6,A6,J7
CCAGTTCAAACGCTTA,R5,A0,J2
CCAGTTCAAAGACGGA,R1,A1,J2
CCAGTTCAAAGGTACA,R5,A0,J2
CCAGTTCAACACAGAA,R5,A1,J2
CCAGTTCAACAGCAGA,R5,A1,J2
CCAGTTCAAAACATCG,R0,A6,J0
CCAGTTCAACCTCCAA,R5,A1,J2
CCAGTTCAACGCTCGA,R5,A4,J2
CCAGTTCAACGTATCA,R0,A4,J4
CCAGTTCAACTATGCA,R2,A6,J1
CCAGTTCAAGAGTCAA,R2,A6,J7
CCAGTTCAAGATCGCA,R2,A6,J7
CCAGTTCAAGCAGGAA,R2,A6,J1
CCAGTTCAAGTCACTA,R2,A6,J1
CCAGTTCAATCCTGTA,R2,A6,J1
CCAGTTCAATTGAGGA,R2,A7,J1
CCAGTTCAATGCCTAA,R4,A0,J2
CCAGTTCACAACCACA,R2,A6,J1
CCAGTTCAGACTAGTA,R2,A6,J1
CCAGTTCACAATGGAA,R2,A6,J1
CCAGTTCACACTTCGA,R2,A6,J1
CCAGTTCACAGCGTTA,R2,A6,J1
CCAGTTCACATACCAA,R2,A6,J1
CCAGTTCACCAGTTCA,R2,A6,J1
CCAGTTCACCGAAGTA,R2,A6,J1
CCAGTTCACCGTGAGA,R2,A6,J1
CCAGTTCACCTCCTGA,R2,A6,J1
CCAGTTCAAGTGGTCA,R1,A6,J7
CCAGTTCACGAACTTA,R2,A6,J1
CCAGTTCACGACTGGA,R2,A6,J1
CCAGTTCACGCATACA,R2,A6,J1
CCAGTTCACTCAATGA,R2,A6,J1
CCAGTTCACTGAGCCA,R2,A6,J1
CCAGTTCACTGGCATA,R2,A6,J1
CCAGTTCAGAATCTGA,R2,A7,J1
CCAGTTCACAAGACTA,R2,A6,J1
CCAGTTCAGAGCTGAA,R8,A7,J6
CCAGTTCAGATAGACA,R8,A7,J6
CCAGTTCAACCACTGT,R6,A6,J7
CCAGTTCAGCCACATA,R8,A7,J6
CCAGTTCAACATTGGC,R6,A6,J7
CCAGTTCACAGATCTG,R6,A6,J7
CCAGTTCACATCAAGT,R6,A6,J7
CCAGTTCACGCTGATC,R6,A6,J7
CCGAAGTAAACGTGAT,R4,A6,J2
CCGAAGTAACAAGCTA,R6,A6,J7
CCGAAGTACTGTAGCC,R6,A6,J7
CCGAAGTAAGTACAAG,R6,A6,J7
CCGAAGTAAACAACCA,R6,A6,J7
CCGAAGTAAACCGAGA,R6,A6,J7
CCGAAGTAAACGCTTA,R6,A6,J7
CCGAAGTAAAGACGGA,R5,A0,J2
CCGAAGTAAAGGTACA,R5,A0,J2
CCGAAGTAACACAGAA,R5,A1,J2
CCGAAGTAACAGCAGA,R5,A1,J2
CCGAAGTAAAACATCG,R6,A6,J7
CCGAAGTAACCTCCAA,R5,A1,J2
CCGAAGTAACGCTCGA,R1,A5,J2
CCGAAGTAACGTATCA,R1,A5,J4
CCGAAGTAACTATGCA,R1,A6,J7
CCGAAGTAAGAGTCAA,R1,A6,J13
CCGAAGTAAGATCGCA,R2,A6,J1
CCGAAGTAAGCAGGAA,R1,A7,J7
CCGAAGTAAGTCACTA,R8,A7,J6
CCGAAGTAATCCTGTA,R8,A7,J6
CCGAAGTAATTGAGGA,R8,A7,J6
CCGAAGTAATGCCTAA,R6,A6,J7
CCGAAGTACAACCACA,R8,A7,J6
CCGAAGTAGACTAGTA,R8,A7,J6
CCGAAGTACAATGGAA,R8,A7,J6
CCGAAGTACACTTCGA,R8,A7,J6
CCGAAGTACAGCGTTA,R8,A7,J1
CCGAAGTACATACCAA,R2,A6,J1
CCGAAGTACCAGTTCA,R2,A6,J1
CCGAAGTACCGAAGTA,R2,A6,J1
CCGAAGTACCGTGAGA,R2,A6,J1
CCGAAGTACCTCCTGA,R2,A6,J1
CCGAAGTAAGTGGTCA,R2,A6,J7
CCGAAGTACGAACTTA,R2,A6,J1
CCGAAGTACGACTGGA,R2,A7,J1
CCGAAGTACGCATACA,R2,A6,J1
CCGAAGTACTCAATGA,R2,A6,J1
CCGAAGTACTGAGCCA,R2,A6,J1
CCGAAGTACTGGCATA,R2,A7,J1
CCGAAGTAGAATCTGA,R8,A7,J6
CCGAAGTACAAGACTA,R8,A7,J6
CCGAAGTAGAGCTGAA,R8,A7,J6
CCGAAGTAGATAGACA,R7,A0,J6
CCGAAGTAACCACTGT,R6,A6,J7
CCGAAGTAGCCACATA,R8,A7,J6
CCGAAGTAACATTGGC,R6,A6,J7
CCGAAGTACAGATCTG,R6,A6,J7
CCGAAGTACATCAAGT,R6,A6,J7
CCGAAGTACGCTGATC,R6,A6,J7
CCGTGAGAAACGTGAT,R6,A6,J7
CCGTGAGAACAAGCTA,R6,A6,J7
CCGTGAGACTGTAGCC,R6,A6,J7
CCGTGAGAAGTACAAG,R6,A6,J7
CCGTGAGAAACAACCA,R6,A6,J7
CCGTGAGAAACCGAGA,R6,A6,J7
CCGTGAGAAACGCTTA,R6,A6,J7
CCGTGAGAAAGACGGA,R6,A6,J7
CCGTGAGAAAGGTACA,R5,A6,J1
CCGTGAGAACACAGAA,R1,A0,J1
CCGTGAGAACAGCAGA,R5,A0,J2
CCGTGAGAAAACATCG,R6,A6,J7
CCGTGAGAACCTCCAA,R5,A1,J2
CCGTGAGAACGCTCGA,R1,A1,J7
CCGTGAGAACGTATCA,R1,A6,J7
CCGTGAGAACTATGCA,R1,A6,J1
CCGTGAGAAGAGTCAA,R2,A6,J1
CCGTGAGAAGATCGCA,R2,A6,J1
CCGTGAGAAGCAGGAA,R1,A6,J1
CCGTGAGAAGTCACTA,R8,A7,J6
CCGTGAGAATCCTGTA,R8,A7,J6
CCGTGAGAATTGAGGA,R8,A7,J6
CCGTGAGAATGCCTAA,R6,A6,J7
CCGTGAGACAACCACA,R8,A7,J6
CCGTGAGAGACTAGTA,R8,A7,J6
CCGTGAGACAATGGAA,R1,A0,J6
CCGTGAGACACTTCGA,R8,A7,J6
CCGTGAGACAGCGTTA,R8,A7,J6
CCGTGAGACATACCAA,R8,A7,J6
CCGTGAGACCAGTTCA,R8,A7,J6
CCGTGAGACCGAAGTA,R8,A7,J6
CCGTGAGACCGTGAGA,R8,A7,J6
CCGTGAGACCTCCTGA,R8,A7,J6
CCGTGAGAAGTGGTCA,R6,A6,J7
CCGTGAGACGAACTTA,R8,A7,J6
CCGTGAGACGACTGGA,R8,A7,J6
CCGTGAGACGCATACA,R8,A7,J6
CCGTGAGACTCAATGA,R8,A7,J6
CCGTGAGACTGAGCCA,R8,A7,J6
CCGTGAGACTGGCATA,R8,A7,J6
CCGTGAGAGAATCTGA,R8,A0,J6
CCGTGAGACAAGACTA,R1,A0,J4
CCGTGAGAACCACTGT,R6,A6,J7
CCGTGAGAGCCACATA,R8,A7,J6
CCGTGAGAACATTGGC,R6,A6,J7
CCGTGAGACAGATCTG,R6,A6,J7
CCGTGAGACATCAAGT,R6,A6,J7
CCGTGAGACGCTGATC,R6,A6,J7
CCTCCTGAAACGTGAT,R6,A6,J7
CCTCCTGAACAAGCTA,R6,A6,J7
CCTCCTGACTGTAGCC,R6,A6,J7
CCTCCTGAAGTACAAG,R6,A6,J7
CCTCCTGAAACAACCA,R6,A6,J7
CCTCCTGAAACCGAGA,R6,A6,J7
CCTCCTGAAACGCTTA,R6,A6,J7
CCTCCTGAAAGACGGA,R9,A7,J8
CCTCCTGAAAGGTACA,R4,A7,J2
CCTCCTGAAAACATCG,R6,A6,J10
CCTCCTGAACCTCCAA,R5,A1,J2
CCTCCTGAACGCTCGA,R5,A0,J2
CCTCCTGAACGTATCA,R1,A5,J1
CCTCCTGAACTATGCA,R1,A6,J7
CCTCCTGAAGAGTCAA,R2,A6,J1
CCTCCTGAAGATCGCA,R2,A6,J1
CCTCCTGAAGCAGGAA,R2,A6,J1
CCTCCTGAAGTCACTA,R2,A6,J1
CCTCCTGAATCCTGTA,R2,A7,J1
CCTCCTGAATTGAGGA,R8,A7,J6
CCTCCTGAATGCCTAA,R6,A6,J7
CCTCCTGACAACCACA,R8,A7,J6
CCTCCTGACATACCAA,R2,A0,J1
CCTCCTGACCAGTTCA,R2,A7,J1
CCTCCTGACCGAAGTA,R13,A7,J12
CCTCCTGACCGTGAGA,R13,A7,J12
CCTCCTGACCTCCTGA,R13,A7,J12
CCTCCTGAAGTGGTCA,R6,A6,J10
CCTCCTGACGAACTTA,R8,A7,J6
CCTCCTGACGACTGGA,R8,A7,J6
CCTCCTGACGCATACA,R8,A0,J6
CCTCCTGACTCAATGA,R8,A5,J6
CCTCCTGACTGAGCCA,R1,A5,J6
CCTCCTGACTGGCATA,R4,A7,J2
CCTCCTGAACCACTGT,R6,A6,J7
CCTCCTGAGCCACATA,R9,A7,J8
CCTCCTGAACATTGGC,R6,A6,J7
CCTCCTGACAGATCTG,R6,A6,J7
CCTCCTGACATCAAGT,R6,A6,J7
CCTCCTGACGCTGATC,R6,A6,J7
ATGCCTAAAAGACGGA,R1,A4,J0
ATGCCTAAAAGGTACA,R5,A1,J4
ATGCCTAAACACAGAA,R5,A1,J2
ATGCCTAAACAGCAGA,R3,A0,J3
ATGCCTAAAAACATCG,R1,A4,J0
ATGCCTAAACCTCCAA,R3,A5,J3
ATGCCTAAACGCTCGA,R3,A0,J3
ATGCCTAAACGTATCA,R5,A1,J2
ATGCCTAAACTATGCA,R3,A0,J3
ATGCCTAAAGAGTCAA,R0,A0,J0
ATGCCTAAAGATCGCA,R0,A0,J0
ATGCCTAAAGCAGGAA,R7,A5,J4
ATGCCTAAAGTCACTA,R7,A5,J4
ATGCCTAAATCCTGTA,R7,A5,J4
ATGCCTAAATTGAGGA,R3,A5,J3
ATGCCTAAATGCCTAA,R0,A4,J0
ATGCCTAACAACCACA,R3,A4,J3
ATGCCTAAGACTAGTA,R0,A1,J2
ATGCCTAACAATGGAA,R4,A5,J5
ATGCCTAACACTTCGA,R4,A0,J5
ATGCCTAACATACCAA,R4,A0,J5
ATGCCTAACCAGTTCA,R4,A4,J5
ATGCCTAACCGAAGTA,R4,A5,J5
ATGCCTAACCGTGAGA,R4,A5,J5
ATGCCTAACCTCCTGA,R4,A4,J5
ATGCCTAAAGTGGTCA,R0,A4,J0
ATGCCTAACGAACTTA,R4,A5,J5
ATGCCTAACGACTGGA,R0,A0,J4
ATGCCTAACGCATACA,R0,A0,J0
ATGCCTAACTCAATGA,R10,A5,J0
ATGCCTAACTGAGCCA,R3,A5,J3
ATGCCTAACTGGCATA,R0,A4,J4
ATGCCTAAGAATCTGA,R7,A4,J4
ATGCCTAACAAGACTA,R7,A4,J4
ATGCCTAAGAGCTGAA,R5,A0,J2
ATGCCTAAGATAGACA,R7,A0,J4
ATGCCTAAACCACTGT,R0,A4,J0
ATGCCTAAGCCACATA,R2,A0,J1
ATGCCTAAACATTGGC,R4,A4,J0
CGAACTTAAACGTGAT,R6,A6,J10
CGAACTTAACAAGCTA,R6,A6,J7
CGAACTTACTGTAGCC,R6,A6,J7
CGAACTTAAGTACAAG,R6,A6,J7
CGAACTTAAACAACCA,R6,A6,J7
CGAACTTAAACCGAGA,R6,A6,J7
CGAACTTAAACGCTTA,R9,A7,J8
CGAACTTAAAGACGGA,R9,A7,J8
CGAACTTAAAGGTACA,R1,A7,J10
CGAACTTAACACAGAA,R2,A7,J7
CGAACTTAAAACATCG,R6,A6,J10
CGAACTTAACCTCCAA,R5,A7,J2
CGAACTTAACGCTCGA,R5,A1,J2
CGAACTTAACGTATCA,R5,A6,J2
CGAACTTAACTATGCA,R2,A6,J1
CGAACTTAAGAGTCAA,R2,A6,J7
CGAACTTAAGATCGCA,R2,A6,J1
CGAACTTAAGCAGGAA,R2,A6,J1
CGAACTTAAGTCACTA,R2,A6,J1
CGAACTTAATCCTGTA,R2,A6,J1
CGAACTTAATTGAGGA,R2,A7,J1
CGAACTTAATGCCTAA,R6,A6,J10
CGAACTTACAACCACA,R8,A7,J6
CGAACTTAGACTAGTA,R8,A7,J6
CGAACTTACATACCAA,R1,A7,J12
CGAACTTACCAGTTCA,R4,A4,J5
CGAACTTACCGAAGTA,R13,A5,J12
CGAACTTACCGTGAGA,R13,A4,J12
CGAACTTACCTCCTGA,R13,A5,J12
CGAACTTAAGTGGTCA,R6,A6,J10
CGAACTTACGAACTTA,R13,A5,J12
CGAACTTACGACTGGA,R4,A5,J12
CGAACTTAACCACTGT,R6,A6,J7
CGAACTTAGCCACATA,R0,A0,J2
CGAACTTAACATTGGC,R6,A6,J7
CGAACTTACAGATCTG,R6,A6,J7
CGAACTTACATCAAGT,R6,A6,J7
CGAACTTACGCTGATC,R6,A6,J7
CGACTGGAAACGTGAT,R6,A6,J10
CGACTGGAACAAGCTA,R6,A6,J7
CGACTGGACTGTAGCC,R6,A6,J7
CGACTGGAAGTACAAG,R6,A6,J7
CGACTGGAAACAACCA,R6,A6,J7
CGACTGGAAACCGAGA,R6,A7,J10
CGACTGGAAACGCTTA,R9,A7,J8
CGACTGGAAAGACGGA,R9,A7,J8
CGACTGGAAAGGTACA,R1,A7,J8
CGACTGGAACACAGAA,R1,A7,J8
CGACTGGAAAACATCG,R6,A6,J10
CGACTGGAACGCTCGA,R5,A1,J2
CGACTGGAACGTATCA,R5,A0,J2
CGACTGGAACTATGCA,R5,A6,J2
CGACTGGAAGAGTCAA,R1,A6,J1
CGACTGGAAGATCGCA,R2,A6,J1
CGACTGGAAGCAGGAA,R2,A6,J7
CGACTGGAAGTCACTA,R2,A6,J1
CGACTGGAATCCTGTA,R2,A6,J1
CGACTGGAATTGAGGA,R2,A6,J1
CGACTGGAATGCCTAA,R6,A6,J10
CGACTGGACAACCACA,R2,A6,J1
CGACTGGAGACTAGTA,R8,A7,J6
CGACTGGACAATGGAA,R8,A7,J6
CGACTGGACATACCAA,R13,A0,J12
CGACTGGACCAGTTCA,R13,A5,J12
CGACTGGACCGAAGTA,R13,A5,J12
CGACTGGACCGTGAGA,R13,A4,J12
CGACTGGACCTCCTGA,R13,A5,J12
CGACTGGAAGTGGTCA,R6,A6,J10
CGACTGGACGAACTTA,R13,A5,J12
CGACTGGACGACTGGA,R13,A4,J12
CGACTGGACGCATACA,R13,A0,J12
CGACTGGAACCACTGT,R6,A6,J7
CGACTGGAGCCACATA,R5,A1,J2
CGACTGGAACATTGGC,R6,A6,J7
CGACTGGACAGATCTG,R6,A6,J7
CGACTGGACATCAAGT,R6,A6,J7
CGACTGGACGCTGATC,R6,A6,J7
CGCATACAAACGTGAT,R6,A6,J10
CGCATACAACAAGCTA,R6,A6,J7
CGCATACACTGTAGCC,R6,A6,J7
CGCATACAAGTACAAG,R6,A7,J10
CGCATACAAACAACCA,R9,A7,J8
CGCATACAAACCGAGA,R9,A7,J8
CGCATACAAACGCTTA,R9,A7,J8
CGCATACAAAGACGGA,R9,A7,J8
CGCATACAAAGGTACA,R9,A7,J8
CGCATACAACACAGAA,R1,A7,J2
CGCATACAAAACATCG,R6,A6,J10
CGCATACAACGCTCGA,R5,A0,J2
CGCATACAACGTATCA,R5,A1,J2
CGCATACAACTATGCA,R5,A0,J2
CGCATACAAGAGTCAA,R5,A6,J1
CGCATACAAGATCGCA,R2,A6,J1
CGCATACAAGCAGGAA,R2,A6,J1
CGCATACAAGTCACTA,R2,A6,J1
CGCATACAATCCTGTA,R2,A6,J1
CGCATACAATTGAGGA,R2,A6,J1
CGCATACAATGCCTAA,R6,A6,J10
CGCATACACAACCACA,R2,A6,J1
CGCATACAGACTAGTA,R2,A7,J1
CGCATACACAATGGAA,R8,A7,J6
CGCATACACACTTCGA,R8,A0,J6
CGCATACACAGCGTTA,R8,A7,J6
CGCATACACATACCAA,R8,A7,J6
CGCATACACCAGTTCA,R8,A7,J1
CGCATACACCGAAGTA,R13,A7,J12
CGCATACACCGTGAGA,R13,A7,J12
CGCATACACCTCCTGA,R13,A4,J12
CGCATACAAGTGGTCA,R6,A6,J7
CGCATACACGAACTTA,R13,A4,J12
CGCATACACGACTGGA,R4,A5,J12
CGCATACACGCATACA,R4,A0,J12
CGCATACACTCAATGA,R4,A0,J12
CGCATACAACCACTGT,R6,A6,J7
CGCATACAGCCACATA,R5,A1,J2
CGCATACAACATTGGC,R6,A6,J7
CGCATACACAGATCTG,R6,A6,J7
CGCATACACATCAAGT,R6,A6,J7
CGCATACACGCTGATC,R6,A6,J7
CTCAATGAAACGTGAT,R6,A6,J10
CTCAATGAACAAGCTA,R6,A6,J7
CTCAATGACTGTAGCC,R6,A7,J10
CTCAATGAAGTACAAG,R9,A7,J8
CTCAATGAAACAACCA,R9,A7,J8
CTCAATGAAACCGAGA,R5,A0,J8
CTCAATGAAACGCTTA,R9,A7,J8
CTCAATGAAAGACGGA,R9,A7,J8
CTCAATGAAAGGTACA,R1,A7,J10
CTCAATGAACACAGAA,R1,A7,J8
CTCAATGAAAACATCG,R6,A6,J10
CTCAATGAACGTATCA,R5,A0,J2
CTCAATGAACTATGCA,R5,A1,J2
CTCAATGAAGAGTCAA,R5,A1,J2
CTCAATGAAGATCGCA,R2,A6,J1
CTCAATGAAGCAGGAA,R2,A6,J7
CTCAATGAAGTCACTA,R2,A6,J1
CTCAATGAATCCTGTA,R2,A6,J1
CTCAATGAATTGAGGA,R2,A6,J1
CTCAATGAATGCCTAA,R6,A6,J10
CTCAATGACAACCACA,R2,A6,J1
CTCAATGAGACTAGTA,R2,A7,J1
CTCAATGACAATGGAA,R8,A7,J6
CTCAATGACACTTCGA,R8,A7,J6
CTCAATGACAGCGTTA,R2,A7,J1
CTCAATGACATACCAA,R2,A6,J1
CTCAATGACCAGTTCA,R2,A6,J1
CTCAATGACCGAAGTA,R2,A6,J1
CTCAATGACCGTGAGA,R2,A6,J1
CTCAATGACCTCCTGA,R2,A7,J1
CTCAATGAAGTGGTCA,R6,A6,J10
CTCAATGACGAACTTA,R8,A7,J8
CTCAATGACGACTGGA,R13,A7,J12
CTCAATGACGCATACA,R9,A7,J8
CTCAATGACTCAATGA,R4,A0,J2
CTCAATGACTGAGCCA,R4,A1,J12
CTCAATGACTGGCATA,R13,A7,J12
CTCAATGAGAATCTGA,R13,A1,J2
CTCAATGACAAGACTA,R4,A1,J2
CTCAATGAGAGCTGAA,R7,A7,J4
CTCAATGAGATAGACA,R7,A0,J4
CTCAATGAACCACTGT,R6,A6,J7
CTCAATGAGCCACATA,R4,A1,J2
CTCAATGAACATTGGC,R6,A6,J7
CTCAATGACAGATCTG,R6,A6,J7
CTCAATGACATCAAGT,R6,A6,J7
CTCAATGACGCTGATC,R6,A6,J7
CTGAGCCAAACGTGAT,R6,A6,J10
CTGAGCCAACAAGCTA,R9,A7,J8
CTGAGCCACTGTAGCC,R9,A7,J8
CTGAGCCAAGTACAAG,R9,A7,J8
CTGAGCCAAACAACCA,R1,A7,J9
CTGAGCCAAACCGAGA,R5,A0,J2
CTGAGCCAAACGCTTA,R9,A7,J8
CTGAGCCAAAGACGGA,R9,A7,J8
CTGAGCCAAAGGTACA,R5,A7,J8
CTGAGCCAACACAGAA,R1,A5,J7
CTGAGCCAAAACATCG,R6,A6,J10
CTGAGCCAACGTATCA,R5,A1,J2
CTGAGCCAACTATGCA,R5,A1,J2
CTGAGCCAAGAGTCAA,R5,A0,J2
CTGAGCCAAGATCGCA,R5,A6,J2
CTGAGCCAAGCAGGAA,R1,A6,J1
CTGAGCCAAGTCACTA,R2,A6,J1
CTGAGCCAATCCTGTA,R2,A6,J1
CTGAGCCAATTGAGGA,R2,A6,J1
CTGAGCCAATGCCTAA,R6,A7,J10
CTGAGCCACAACCACA,R2,A6,J1
CTGAGCCAGACTAGTA,R2,A6,J1
CTGAGCCACAATGGAA,R8,A7,J6
CTGAGCCACACTTCGA,R8,A7,J6
CTGAGCCACAGCGTTA,R2,A6,J1
CTGAGCCACATACCAA,R2,A6,J1
CTGAGCCACCAGTTCA,R2,A6,J1
CTGAGCCACCGAAGTA,R2,A6,J1
CTGAGCCACCGTGAGA,R2,A6,J1
CTGAGCCACCTCCTGA,R2,A6,J1
CTGAGCCAAGTGGTCA,R9,A7,J8
CTGAGCCACGAACTTA,R2,A6,J1
CTGAGCCACGACTGGA,R8,A7,J1
CTGAGCCACGCATACA,R9,A7,J8
CTGAGCCACTCAATGA,R4,A0,J2
CTGAGCCACTGAGCCA,R5,A1,J2
CTGAGCCACTGGCATA,R4,A1,J2
CTGAGCCAGAATCTGA,R5,A0,J2
CTGAGCCACAAGACTA,R4,A1,J2
CTGAGCCAGATAGACA,R7,A1,J4
CTGAGCCAACCACTGT,R6,A7,J10
CTGAGCCAGCCACATA,R5,A1,J2
CTGAGCCAACATTGGC,R6,A6,J7
CTGAGCCACAGATCTG,R6,A6,J7
CTGAGCCACATCAAGT,R6,A7,J7
CTGAGCCACGCTGATC,R6,A6,J10
CTGGCATAAACGTGAT,R6,A6,J10
CTGGCATAACAAGCTA,R9,A7,J8
CTGGCATACTGTAGCC,R9,A5,J8
CTGGCATAAGTACAAG,R0,A0,J2
CTGGCATAAACAACCA,R9,A7,J8
CTGGCATAAACCGAGA,R9,A7,J8
CTGGCATAAACGCTTA,R9,A7,J8
CTGGCATAAAGACGGA,R9,A7,J8
CTGGCATAAAGGTACA,R5,A0,J2
CTGGCATAAAACATCG,R6,A6,J10
CTGGCATAACGTATCA,R5,A1,J2
CTGGCATAACTATGCA,R5,A1,J2
CTGGCATAAGAGTCAA,R5,A1,J2
CTGGCATAAGATCGCA,R5,A0,J2
CTGGCATAAGCAGGAA,R2,A6,J1
CTGGCATAAGTCACTA,R2,A6,J1
CTGGCATAATCCTGTA,R2,A6,J1
CTGGCATAATTGAGGA,R2,A6,J1
CTGGCATAATGCCTAA,R9,A7,J8
CTGGCATACAACCACA,R2,A6,J1
CTGGCATAGACTAGTA,R2,A6,J1
CTGGCATACAATGGAA,R8,A7,J6
CTGGCATACACTTCGA,R8,A7,J6
CTGGCATACAGCGTTA,R2,A6,J1
CTGGCATACATACCAA,R2,A6,J1
CTGGCATACCAGTTCA,R2,A6,J1
CTGGCATACCGAAGTA,R2,A6,J1
CTGGCATACCGTGAGA,R2,A6,J1
CTGGCATACCTCCTGA,R2,A6,J1
CTGGCATAAGTGGTCA,R9,A7,J8
CTGGCATACGAACTTA,R2,A7,J1
CTGGCATACGACTGGA,R1,A0,J1
CTGGCATACGCATACA,R4,A0,J2
CTGGCATACTCAATGA,R4,A1,J2
CTGGCATACTGAGCCA,R4,A1,J2
CTGGCATACTGGCATA,R5,A0,J2
CTGGCATACAAGACTA,R4,A0,J5
CTGGCATAGAGCTGAA,R4,A1,J2
CTGGCATAGATAGACA,R5,A0,J2
CTGGCATAACCACTGT,R9,A7,J8
CTGGCATAGCCACATA,R7,A1,J4
CTGGCATAACATTGGC,R9,A7,J8
CTGGCATACAGATCTG,R9,A7,J8
CTGGCATACATCAAGT,R9,A7,J8
CTGGCATACGCTGATC,R9,A7,J8
GAATCTGAAACGTGAT,R6,A6,J10
GAATCTGAAACAACCA,R9,A7,J8
GAATCTGAAACCGAGA,R9,A7,J8
GAATCTGAAACGCTTA,R9,A7,J8
GAATCTGAAAGACGGA,R1,A7,J8
GAATCTGAAAGGTACA,R5,A7,J2
GAATCTGAAAACATCG,R6,A6,J10
GAATCTGAACGTATCA,R5,A0,J2
GAATCTGAACTATGCA,R4,A0,J2
GAATCTGAAGAGTCAA,R5,A1,J2
GAATCTGAAGATCGCA,R4,A1,J2
GAATCTGAAGCAGGAA,R1,A7,J9
GAATCTGAAGTCACTA,R2,A6,J1
GAATCTGAATCCTGTA,R2,A6,J1
GAATCTGAATTGAGGA,R2,A6,J1
GAATCTGAATGCCTAA,R9,A7,J8
GAATCTGACAACCACA,R2,A6,J1
GAATCTGAGACTAGTA,R2,A6,J1
GAATCTGACAATGGAA,R2,A6,J1
GAATCTGACACTTCGA,R8,A7,J6
GAATCTGACAGCGTTA,R2,A6,J1
GAATCTGACATACCAA,R2,A6,J1
GAATCTGACCAGTTCA,R2,A6,J1
GAATCTGACCGAAGTA,R2,A7,J1
GAATCTGACCGTGAGA,R4,A0,J2
GAATCTGACCTCCTGA,R4,A0,J2
GAATCTGAAGTGGTCA,R9,A7,J8
GAATCTGACGAACTTA,R4,A0,J2
GAATCTGACGACTGGA,R4,A0,J2
GAATCTGACGCATACA,R4,A1,J2
GAATCTGACTCAATGA,R4,A1,J2
GAATCTGACTGAGCCA,R4,A1,J2
GAATCTGACTGGCATA,R4,A1,J2
GAATCTGAGAATCTGA,R4,A1,J2
GAATCTGACAAGACTA,R4,A1,J2
GAATCTGAGAGCTGAA,R4,A1,J4
GAATCTGAGATAGACA,R4,A1,J2
GAATCTGAACCACTGT,R9,A7,J8
GAATCTGAGCCACATA,R7,A1,J4
GAATCTGAACATTGGC,R9,A7,J8
GAATCTGACAGATCTG,R9,A7,J8
GAATCTGACATCAAGT,R9,A0,J8
GAATCTGACGCTGATC,R1,A7,J8
CAAGACTAAACGTGAT,R6,A6,J10
CAAGACTAAGTACAAG,R9,A7,J8
CAAGACTAAACAACCA,R9,A7,J8
CAAGACTAAACCGAGA,R9,A7,J8
CAAGACTAAACGCTTA,R4,A7,J2
CAAGACTAAAGACGGA,R4,A0,J2
CAAGACTAAAGGTACA,R5,A0,J2
CAAGACTAAAACATCG,R6,A6,J10
CAAGACTAACGCTCGA,R5,A1,J2
CAAGACTAACGTATCA,R1,A1,J1
CAAGACTAACTATGCA,R5,A1,J2
CAAGACTAAGAGTCAA,R5,A1,J2
CAAGACTAAGATCGCA,R5,A1,J2
CAAGACTAAGCAGGAA,R1,A7,J6
CAAGACTAAGTCACTA,R2,A6,J1
CAAGACTAATCCTGTA,R2,A6,J1
CAAGACTAATTGAGGA,R2,A6,J1
CAAGACTAATGCCTAA,R9,A7,J8
CAAGACTACAACCACA,R2,A6,J1
CAAGACTAGACTAGTA,R2,A6,J1
CAAGACTACAATGGAA,R2,A6,J1
CAAGACTACACTTCGA,R8,A7,J6
CAAGACTACAGCGTTA,R8,A7,J6
CAAGACTACATACCAA,R2,A7,J1
CAAGACTACCAGTTCA,R2,A7,J1
CAAGACTACCGAAGTA,R4,A7,J2
CAAGACTACCGTGAGA,R9,A7,J8
CAAGACTACCTCCTGA,R9,A7,J8
CAAGACTAAGTGGTCA,R9,A7,J8
CAAGACTACGAACTTA,R9,A7,J8
CAAGACTACGACTGGA,R9,A7,J8
CAAGACTACGCATACA,R9,A7,J8
CAAGACTACTCAATGA,R9,A0,J8
CAAGACTACTGAGCCA,R4,A1,J2
CAAGACTACTGGCATA,R4,A5,J5
CAAGACTAGAATCTGA,R4,A0,J2
CAAGACTACAAGACTA,R1,A6,J2
CAAGACTAGAGCTGAA,R4,A1,J2
CAAGACTAGATAGACA,R4,A0,J2
CAAGACTAACCACTGT,R9,A7,J8
CAAGACTAGCCACATA,R4,A1,J2
CAAGACTAACATTGGC,R9,A1,J8
GAGCTGAAAACGTGAT,R6,A6,J10
GAGCTGAAAGTACAAG,R9,A7,J8
GAGCTGAAAACAACCA,R9,A7,J8
GAGCTGAAAACCGAGA,R2,A7,J10
GAGCTGAAAACGCTTA,R4,A7,J2
GAGCTGAAAAGACGGA,R5,A1,J2
GAGCTGAAACAGCAGA,R4,A1,J2
GAGCTGAAAAACATCG,R6,A6,J10
GAGCTGAAACCTCCAA,R4,A0,J5
GAGCTGAAACGCTCGA,R4,A1,J2
GAGCTGAAACGTATCA,R5,A1,J2
GAGCTGAAACTATGCA,R5,A1,J2
GAGCTGAAAGAGTCAA,R5,A1,J2
GAGCTGAAAGATCGCA,R4,A0,J2
GAGCTGAAAGCAGGAA,R2,A6,J1
GAGCTGAAAGTCACTA,R2,A6,J1
GAGCTGAAATCCTGTA,R2,A6,J1
GAGCTGAAATTGAGGA,R2,A6,J1
GAGCTGAAATGCCTAA,R9,A7,J8
GAGCTGAACAACCACA,R2,A6,J1
GAGCTGAAGACTAGTA,R2,A6,J1
GAGCTGAACAATGGAA,R2,A6,J1
GAGCTGAACACTTCGA,R8,A7,J6
GAGCTGAACAGCGTTA,R8,A7,J6
GAGCTGAACATACCAA,R8,A7,J6
GAGCTGAACCAGTTCA,R8,A7,J8
GAGCTGAACCGAAGTA,R9,A7,J8
GAGCTGAACCGTGAGA,R9,A7,J8
GAGCTGAACCTCCTGA,R9,A7,J8
GAGCTGAAAGTGGTCA,R9,A7,J8
GAGCTGAACGAACTTA,R9,A7,J8
GAGCTGAACGACTGGA,R9,A0,J8
GAGCTGAACGCATACA,R9,A7,J8
GAGCTGAACTCAATGA,R9,A7,J8
GAGCTGAACTGAGCCA,R9,A7,J8
GAGCTGAACTGGCATA,R4,A1,J2
GAGCTGAAGAATCTGA,R4,A1,J5
GAGCTGAACAAGACTA,R4,A1,J2
GAGCTGAAGAGCTGAA,R4,A1,J5
GAGCTGAAGATAGACA,R7,A1,J4
GAGCTGAAACCACTGT,R9,A7,J8
GAGCTGAAGCCACATA,R5,A1,J2
GAGCTGAAACATTGGC,R9,A0,J8
GATAGACAAACGTGAT,R6,A7,J10
GATAGACACTGTAGCC,R9,A0,J8
GATAGACAAGTACAAG,R9,A7,J8
GATAGACAAACAACCA,R6,A7,J10
GATAGACAAACCGAGA,R4,A0,J2
GATAGACAAACGCTTA,R4,A7,J5
GATAGACAAAGACGGA,R9,A7,J8
GATAGACAACAGCAGA,R4,A1,J2
GATAGACAAAACATCG,R6,A6,J10
GATAGACAACCTCCAA,R4,A1,J5
GATAGACAACGCTCGA,R4,A1,J2
GATAGACAACGTATCA,R5,A1,J2
GATAGACAACTATGCA,R5,A1,J2
GATAGACAAGAGTCAA,R4,A0,J5
GATAGACAAGATCGCA,R1,A6,J1
GATAGACAAGCAGGAA,R2,A6,J1
GATAGACAAGTCACTA,R6,A6,J1
GATAGACAATCCTGTA,R6,A6,J7
GATAGACAATTGAGGA,R2,A6,J1
GATAGACAATGCCTAA,R6,A7,J10
GATAGACACAACCACA,R2,A6,J1
GATAGACAGACTAGTA,R2,A6,J1
GATAGACACAATGGAA,R9,A7,J8
GATAGACACACTTCGA,R8,A7,J6
GATAGACACCAGTTCA,R9,A7,J6
GATAGACACCGAAGTA,R9,A7,J8
GATAGACACCGTGAGA,R1,A5,J8
GATAGACAAGTGGTCA,R9,A7,J8
GATAGACACGCATACA,R9,A0,J8
GATAGACACTCAATGA,R9,A7,J8
GATAGACACTGAGCCA,R9,A7,J8
GATAGACACTGGCATA,R9,A7,J8
GATAGACAGAATCTGA,R4,A1,J2
GATAGACACAAGACTA,R4,A1,J2
GATAGACAGAGCTGAA,R4,A1,J2
GATAGACAGATAGACA,R5,A1,J2
GATAGACAACCACTGT,R9,A7,J8
GATAGACAGCCACATA,R0,A0,J0
GATAGACAACATTGGC,R9,A0,J8
AGTGGTCAAAGGTACA,R0,A4,J0
AGTGGTCAACACAGAA,R5,A1,J2
AGTGGTCAACAGCAGA,R0,A1,J2
AGTGGTCAACCTCCAA,R3,A5,J3
AGTGGTCAACGCTCGA,R3,A5,J3
AGTGGTCAACGTATCA,R1,A0,J2
AGTGGTCAACTATGCA,R5,A0,J2
AGTGGTCAAGAGTCAA,R5,A1,J2
AGTGGTCAAGATCGCA,R0,A0,J0
AGTGGTCAAGCAGGAA,R1,A0,J0
AGTGGTCAAGTCACTA,R0,A0,J0
AGTGGTCAATCCTGTA,R3,A4,J3
AGTGGTCAATTGAGGA,R3,A5,J3
AGTGGTCAATGCCTAA,R0,A5,J4
AGTGGTCACAACCACA,R3,A4,J3
AGTGGTCAGACTAGTA,R3,A5,J3
AGTGGTCACAATGGAA,R3,A4,J0
AGTGGTCACACTTCGA,R4,A0,J0
AGTGGTCACAGCGTTA,R0,A5,J0
AGTGGTCACATACCAA,R4,A5,J5
AGTGGTCACCAGTTCA,R4,A4,J5
AGTGGTCACCGAAGTA,R4,A4,J5
AGTGGTCACCGTGAGA,R4,A5,J5
AGTGGTCACCTCCTGA,R4,A5,J5
AGTGGTCAAGTGGTCA,R1,A0,J10
AGTGGTCACGAACTTA,R0,A0,J0
AGTGGTCACGACTGGA,R5,A6,J2
AGTGGTCACGCATACA,R10,A2,J9
AGTGGTCACTCAATGA,R3,A4,J3
AGTGGTCACTGAGCCA,R3,A4,J3
AGTGGTCACTGGCATA,R7,A5,J4
AGTGGTCAGAATCTGA,R7,A5,J4
AGTGGTCACAAGACTA,R0,A5,J0
AGTGGTCAGAGCTGAA,R0,A0,J3
AGTGGTCAGATAGACA,R2,A0,J1
AGTGGTCAACCACTGT,R1,A4,J9
AGTGGTCAGCCACATA,R2,A6,J1
GCCACATAAACGTGAT,R0,A4,J0
GCCACATACTGTAGCC,R9,A7,J8
GCCACATAAGTACAAG,R9,A7,J8
GCCACATAAACAACCA,R9,A7,J8
GCCACATAAACCGAGA,R1,A7,J10
GCCACATAAACGCTTA,R5,A4,J10
GCCACATAACACAGAA,R4,A1,J2
GCCACATAACAGCAGA,R4,A1,J2
GCCACATAAAACATCG,R6,A6,J10
GCCACATAACCTCCAA,R4,A1,J2
GCCACATAACGCTCGA,R1,A6,J2
GCCACATAACGTATCA,R2,A6,J1
GCCACATAACTATGCA,R2,A6,J1
GCCACATAAGAGTCAA,R2,A6,J1
GCCACATAAGATCGCA,R2,A6,J1
GCCACATAAGCAGGAA,R6,A6,J7
GCCACATAAGTCACTA,R6,A6,J1
GCCACATAATCCTGTA,R6,A6,J1
GCCACATAATTGAGGA,R2,A7,J1
GCCACATAATGCCTAA,R6,A6,J10
GCCACATACAACCACA,R2,A6,J5
GCCACATAGACTAGTA,R1,A7,J1
GCCACATACAATGGAA,R8,A7,J6
GCCACATACACTTCGA,R1,A7,J6
GCCACATAAGTGGTCA,R9,A7,J8
GCCACATACTCAATGA,R9,A7,J8
GCCACATACTGAGCCA,R9,A7,J8
GCCACATACTGGCATA,R9,A7,J8
GCCACATAGAATCTGA,R4,A1,J2
GCCACATACAAGACTA,R4,A1,J2
GCCACATAGAGCTGAA,R7,A1,J2
GCCACATAGATAGACA,R4,A0,J2
GCCACATAACCACTGT,R9,A7,J8
GCCACATAGCCACATA,R0,A5,J6
GCCACATAACATTGGC,R9,A7,J8
GCCACATACAGATCTG,R9,A7,J8
ACCACTGTAAGGTACA,R1,A4,J0
ACCACTGTACACAGAA,R0,A0,J0
ACCACTGTACAGCAGA,R5,A1,J2
ACCACTGTACCTCCAA,R3,A1,J3
ACCACTGTACGCTCGA,R3,A5,J3
ACCACTGTACGTATCA,R3,A0,J3
ACCACTGTACTATGCA,R3,A0,J3
ACCACTGTAGAGTCAA,R5,A1,J2
ACCACTGTAGATCGCA,R0,A1,J0
ACCACTGTAGCAGGAA,R4,A0,J5
ACCACTGTAGTCACTA,R4,A0,J0
ACCACTGTATCCTGTA,R3,A5,J0
ACCACTGTATTGAGGA,R0,A0,J0
ACCACTGTCAACCACA,R3,A4,J3
ACCACTGTGACTAGTA,R7,A5,J4
ACCACTGTCAATGGAA,R7,A5,J4
ACCACTGTCACTTCGA,R7,A5,J4
ACCACTGTCAGCGTTA,R4,A4,J5
ACCACTGTCATACCAA,R0,A4,J5
ACCACTGTCCAGTTCA,R4,A4,J5
ACCACTGTCCGAAGTA,R4,A5,J5
ACCACTGTCCGTGAGA,R4,A4,J5
ACCACTGTCCTCCTGA,R5,A4,J5
ACCACTGTCGAACTTA,R1,A0,J3
ACCACTGTCGACTGGA,R10,A2,J9
ACCACTGTCGCATACA,R3,A2,J9
ACCACTGTCTCAATGA,R3,A4,J3
ACCACTGTCTGAGCCA,R7,A5,J4
ACCACTGTCTGGCATA,R7,A4,J4
ACCACTGTGAATCTGA,R0,A0,J4
ACCACTGTCAAGACTA,R0,A1,J2
ACCACTGTGAGCTGAA,R7,A0,J6
ACCACTGTGATAGACA,R2,A0,J1
ACCACTGTGCCACATA,R2,A0,J1
ACATTGGCAAGGTACA,R0,A4,J0
ACATTGGCACACAGAA,R0,A5,J0
ACATTGGCACAGCAGA,R5,A1,J2
ACATTGGCACCTCCAA,R3,A0,J3
ACATTGGCACGCTCGA,R3,A0,J3
ACATTGGCACGTATCA,R3,A5,J3
ACATTGGCACTATGCA,R3,A0,J3
ACATTGGCAGAGTCAA,R5,A0,J0
ACATTGGCAGATCGCA,R5,A0,J2
ACATTGGCAGCAGGAA,R3,A1,J0
ACATTGGCAGTCACTA,R5,A5,J3
ACATTGGCATCCTGTA,R3,A5,J3
ACATTGGCATTGAGGA,R3,A5,J3
ACATTGGCCAACCACA,R3,A4,J3
ACATTGGCGACTAGTA,R0,A5,J4
ACATTGGCCAATGGAA,R7,A5,J4
ACATTGGCCACTTCGA,R3,A5,J3
ACATTGGCCAGCGTTA,R3,A5,J3
ACATTGGCCATACCAA,R0,A5,J0
ACATTGGCCCAGTTCA,R4,A4,J5
ACATTGGCCCGAAGTA,R4,A4,J5
ACATTGGCCCGTGAGA,R0,A4,J0
ACATTGGCCCTCCTGA,R4,A7,J5
ACATTGGCCGAACTTA,R10,A2,J9
ACATTGGCCGACTGGA,R10,A2,J9
ACATTGGCCGCATACA,R3,A5,J3
ACATTGGCCTCAATGA,R3,A5,J3
ACATTGGCCTGAGCCA,R7,A4,J4
ACATTGGCCTGGCATA,R0,A5,J4
ACATTGGCGAATCTGA,R5,A1,J2
ACATTGGCCAAGACTA,R5,A1,J2
ACATTGGCGAGCTGAA,R2,A0,J1
ACATTGGCGATAGACA,R2,A6,J1
ACATTGGCGCCACATA,R2,A6,J1
CAGATCTGAAGACGGA,R1,A4,J0
CAGATCTGAAGGTACA,R1,A4,J7
CAGATCTGACACAGAA,R0,A0,J0
CAGATCTGACAGCAGA,R0,A0,J0
CAGATCTGACCTCCAA,R3,A4,J3
CAGATCTGACGCTCGA,R3,A5,J3
CAGATCTGACGTATCA,R5,A5,J2
CAGATCTGACTATGCA,R3,A5,J3
CAGATCTGAGAGTCAA,R3,A4,J3
CAGATCTGAGATCGCA,R3,A5,J3
CAGATCTGAGCAGGAA,R4,A0,J5
CAGATCTGAGTCACTA,R4,A0,J5
CAGATCTGATCCTGTA,R4,A0,J5
CAGATCTGATTGAGGA,R4,A0,J5
CAGATCTGCAACCACA,R4,A5,J5
CAGATCTGGACTAGTA,R3,A5,J3
CAGATCTGCAATGGAA,R3,A5,J0
CAGATCTGCACTTCGA,R0,A5,J0
CAGATCTGCAGCGTTA,R3,A4,J3
CAGATCTGCATACCAA,R3,A5,J3
CAGATCTGCCAGTTCA,R1,A5,J5
CAGATCTGCCGAAGTA,R0,A5,J0
CAGATCTGCCGTGAGA,R4,A4,J5
CAGATCTGCCTCCTGA,R1,A5,J5
CAGATCTGCGAACTTA,R10,A2,J9
CAGATCTGCGACTGGA,R10,A2,J9
CAGATCTGCGCATACA,R3,A4,J3
CAGATCTGCTCAATGA,R7,A4,J4
CAGATCTGCTGAGCCA,R7,A5,J4
CAGATCTGCTGGCATA,R0,A5,J4
CAGATCTGGAATCTGA,R5,A1,J2
CAGATCTGCAAGACTA,R1,A5,J0
CAGATCTGGAGCTGAA,R2,A6,J1
CAGATCTGGATAGACA,R2,A6,J1
CAGATCTGGCCACATA,R2,A6,J1
CATCAAGTAAGACGGA,R0,A4,J0
CATCAAGTACACAGAA,R0,A5,J0
CATCAAGTACAGCAGA,R0,A4,J0
CATCAAGTACCTCCAA,R0,A4,J0
CATCAAGTACGCTCGA,R3,A5,J3
CATCAAGTACGTATCA,R3,A4,J3
CATCAAGTACTATGCA,R3,A4,J3
CATCAAGTAGAGTCAA,R3,A5,J3
CATCAAGTAGATCGCA,R3,A5,J3
CATCAAGTAGCAGGAA,R0,A4,J3
CATCAAGTAGTCACTA,R4,A5,J3
CATCAAGTATCCTGTA,R4,A5,J5
CATCAAGTATTGAGGA,R4,A5,J5
CATCAAGTCAACCACA,R4,A4,J5
CATCAAGTGACTAGTA,R4,A5,J5
CATCAAGTCAATGGAA,R1,A0,J8
CATCAAGTCACTTCGA,R0,A4,J4
CATCAAGTCAGCGTTA,R7,A5,J4
CATCAAGTCATACCAA,R7,A5,J4
CATCAAGTCCAGTTCA,R7,A5,J4
CATCAAGTCCGAAGTA,R0,A4,J0
CATCAAGTCCGTGAGA,R1,A5,J0
CATCAAGTCCTCCTGA,R1,A5,J0
CATCAAGTCGAACTTA,R10,A2,J9
CATCAAGTCGACTGGA,R3,A5,J3
CATCAAGTCGCATACA,R3,A5,J3
CATCAAGTCTCAATGA,R0,A5,J4
CATCAAGTCTGAGCCA,R0,A5,J0
CATCAAGTCTGGCATA,R1,A0,J0
CATCAAGTGAATCTGA,R4,A1,J5
CATCAAGTCAAGACTA,R1,A0,J9
CATCAAGTGAGCTGAA,R2,A6,J1
CATCAAGTGATAGACA,R2,A6,J1
CATCAAGTGCCACATA,R8,A6,J6
CGCTGATCAAGACGGA,R1,A5,J0
CGCTGATCACACAGAA,R0,A5,J0
CGCTGATCACAGCAGA,R0,A0,J0
CGCTGATCACCTCCAA,R0,A5,J0
CGCTGATCACGCTCGA,R3,A4,J3
CGCTGATCACGTATCA,R3,A5,J3
CGCTGATCACTATGCA,R3,A4,J3
CGCTGATCAGAGTCAA,R3,A0,J3
CGCTGATCAGATCGCA,R3,A5,J3
CGCTGATCAGCAGGAA,R3,A5,J3
CGCTGATCAGTCACTA,R3,A5,J3
CGCTGATCATCCTGTA,R4,A5,J0
CGCTGATCATTGAGGA,R4,A5,J5
CGCTGATCCAACCACA,R4,A0,J5
CGCTGATCGACTAGTA,R4,A5,J5
CGCTGATCCAATGGAA,R4,A5,J5
CGCTGATCCACTTCGA,R0,A4,J0
CGCTGATCCAGCGTTA,R0,A4,J4
CGCTGATCCATACCAA,R4,A5,J5
CGCTGATCCCAGTTCA,R4,A4,J5
CGCTGATCCCGAAGTA,R1,A5,J10
CGCTGATCCCGTGAGA,R1,A4,J5
CGCTGATCCCTCCTGA,R1,A4,J4
CGCTGATCCGAACTTA,R1,A5,J9
CGCTGATCCGACTGGA,R3,A5,J3
CGCTGATCCGCATACA,R0,A4,J4
CGCTGATCCTCAATGA,R7,A5,J4
CGCTGATCCTGAGCCA,R7,A4,J4
CGCTGATCCTGGCATA,R1,A0,J2
CGCTGATCGAATCTGA,R5,A1,J2
CGCTGATCCAAGACTA,R1,A0,J1
CGCTGATCGAGCTGAA,R2,A6,J1
CGCTGATCGATAGACA,R2,A6,J1
CGCTGATCGCCACATA,R8,A6,J6
