,RNA_clusters,ATAC_clusters
ACAAGCTAAACGTGAT,R1,A2
ACAAGCTAACAAGCTA,R0,A2
ACAAGCTACTGTAGCC,R0,A2
ACAAGCTAAGTACAAG,R1,A2
ACAAGCTAAACAACCA,R0,A5
ACAAGCTAAACCGAGA,R2,A3
ACAAGCTAAACGCTTA,R0,A2
ACAAGCTAAAGACGGA,R3,A1
ACAAGCTAAAGGTACA,R0,A0
ACAAGCTAACACAGAA,R2,A1
ACAAGCTAACAGCAGA,R2,A1
ACAAGCTAAAACATCG,R0,A2
ACAAGCTAACCTCCAA,R4,A1
ACAAGCTAACGCTCGA,R4,A4
ACAAGCTAACGTATCA,R2,A1
ACAAGCTAACTATGCA,R1,A0
ACAAGCTAAGAGTCAA,R1,A2
ACAAGCTAAGATCGCA,R1,A2
ACAAGCTAAGCAGGAA,R1,A0
ACAAGCTAAGTCACTA,R1,A0
ACAAGCTAATCCTGTA,R1,A2
ACAAGCTAATTGAGGA,R1,A2
ACAAGCTAATGCCTAA,R2,A4
ACAAGCTACAACCACA,R1,A2
ACAAGCTAGACTAGTA,R1,A0
ACAAGCTACAATGGAA,R1,A2
ACAAGCTACACTTCGA,R1,A2
ACAAGCTACAGCGTTA,R1,A3
ACAAGCTACATACCAA,R1,A2
ACAAGCTACCAGTTCA,R1,A0
ACAAGCTACCGAAGTA,R1,A2
ACAAGCTACCGTGAGA,R1,A0
ACAAGCTACCTCCTGA,R7,A1
ACAAGCTAAGTGGTCA,R0,A0
ACAAGCTACGAACTTA,R2,A3
ACAAGCTACGACTGGA,R1,A3
ACAAGCTACGCATACA,R1,A0
ACAAGCTACTCAATGA,R1,A3
ACAAGCTACTGAGCCA,R1,A0
ACAAGCTACTGGCATA,R1,A3
ACAAGCTAGAATCTGA,R1,A5
ACAAGCTACAAGACTA,R2,A3
ACAAGCTAGAGCTGAA,R1,A1
ACAAGCTAGATAGACA,R6,A5
ACAAGCTAACCACTGT,R0,A0
ACAAGCTAGCCACATA,R1,A5
ACAAGCTAACATTGGC,R1,A5
ACAAGCTACAGATCTG,R4,A4
ACAAGCTACATCAAGT,R0,A4
ACAAGCTACGCTGATC,R3,A4
CTGTAGCCAACGTGAT,R1,A2
CTGTAGCCACAAGCTA,R3,A0
CTGTAGCCCTGTAGCC,R0,A1
CTGTAGCCAGTACAAG,R2,A0
CTGTAGCCAACAACCA,R2,A1
CTGTAGCCAACCGAGA,R0,A0
CTGTAGCCAACGCTTA,R2,A0
CTGTAGCCAAGACGGA,R2,A1
CTGTAGCCAAGGTACA,R1,A5
CTGTAGCCACACAGAA,R0,A1
CTGTAGCCACAGCAGA,R0,A2
CTGTAGCCAAACATCG,R0,A2
CTGTAGCCACCTCCAA,R4,A0
CTGTAGCCACGCTCGA,R3,A4
CTGTAGCCACGTATCA,R4,A4
CTGTAGCCACTATGCA,R0,A2
CTGTAGCCAGAGTCAA,R2,A0
CTGTAGCCAGATCGCA,R2,A3
CTGTAGCCAGCAGGAA,R2,A0
CTGTAGCCAGTCACTA,R1,A1
CTGTAGCCATCCTGTA,R1,A0
CTGTAGCCATTGAGGA,R2,A0
CTGTAGCCATGCCTAA,R2,A4
CTGTAGCCCAACCACA,R1,A0
CTGTAGCCGACTAGTA,R1,A2
CTGTAGCCCAATGGAA,R1,A0
CTGTAGCCCACTTCGA,R1,A2
CTGTAGCCCAGCGTTA,R1,A2
CTGTAGCCCATACCAA,R1,A2
CTGTAGCCCCAGTTCA,R1,A2
CTGTAGCCCCGAAGTA,R1,A2
CTGTAGCCCCGTGAGA,R1,A0
CTGTAGCCCCTCCTGA,R1,A0
CTGTAGCCAGTGGTCA,R0,A2
CTGTAGCCCGAACTTA,R7,A1
CTGTAGCCCGACTGGA,R7,A1
CTGTAGCCCGCATACA,R7,A3
CTGTAGCCCTCAATGA,R1,A0
CTGTAGCCCTGAGCCA,R1,A3
CTGTAGCCCTGGCATA,R1,A3
CTGTAGCCGAATCTGA,R1,A1
CTGTAGCCCAAGACTA,R7,A1
CTGTAGCCGAGCTGAA,R1,A0
CTGTAGCCGATAGACA,R6,A6
CTGTAGCCACCACTGT,R2,A1
CTGTAGCCGCCACATA,R1,A5
CTGTAGCCACATTGGC,R2,A1
CTGTAGCCCAGATCTG,R4,A4
CTGTAGCCCATCAAGT,R4,A4
CTGTAGCCCGCTGATC,R3,A4
AGTACAAGAACGTGAT,R1,A0
AGTACAAGACAAGCTA,R3,A4
AGTACAAGCTGTAGCC,R1,A5
AGTACAAGAGTACAAG,R3,A1
AGTACAAGAACAACCA,R0,A0
AGTACAAGAACCGAGA,R2,A0
AGTACAAGAACGCTTA,R0,A4
AGTACAAGAAGACGGA,R5,A5
AGTACAAGAAGGTACA,R5,A0
AGTACAAGACACAGAA,R5,A0
AGTACAAGACAGCAGA,R3,A1
AGTACAAGAAACATCG,R1,A0
AGTACAAGACCTCCAA,R0,A2
AGTACAAGACGCTCGA,R0,A0
AGTACAAGACGTATCA,R4,A4
AGTACAAGACTATGCA,R4,A4
AGTACAAGAGAGTCAA,R0,A0
AGTACAAGAGATCGCA,R1,A3
AGTACAAGAGCAGGAA,R1,A5
AGTACAAGAGTCACTA,R1,A3
AGTACAAGATCCTGTA,R1,A0
AGTACAAGATTGAGGA,R1,A2
AGTACAAGATGCCTAA,R2,A4
AGTACAAGCAACCACA,R1,A2
AGTACAAGGACTAGTA,R1,A2
AGTACAAGCAATGGAA,R1,A2
AGTACAAGCACTTCGA,R1,A2
AGTACAAGCAGCGTTA,R1,A0
AGTACAAGCATACCAA,R1,A2
AGTACAAGCCAGTTCA,R1,A2
AGTACAAGCCGAAGTA,R1,A0
AGTACAAGCCGTGAGA,R1,A0
AGTACAAGCCTCCTGA,R1,A2
AGTACAAGAGTGGTCA,R0,A2
AGTACAAGCGAACTTA,R1,A2
AGTACAAGCGACTGGA,R2,A0
AGTACAAGCGCATACA,R2,A0
AGTACAAGCTCAATGA,R7,A1
AGTACAAGCTGAGCCA,R7,A1
AGTACAAGCTGGCATA,R1,A1
AGTACAAGGAATCTGA,R1,A1
AGTACAAGCAAGACTA,R1,A5
AGTACAAGGAGCTGAA,R1,A0
AGTACAAGGATAGACA,R6,A5
AGTACAAGACCACTGT,R2,A1
AGTACAAGGCCACATA,R6,A6
AGTACAAGACATTGGC,R1,A1
AGTACAAGCAGATCTG,R3,A4
AGTACAAGCATCAAGT,R4,A4
AGTACAAGCGCTGATC,R1,A4
AACAACCAAACGTGAT,R1,A2
AACAACCAACAAGCTA,R3,A4
AACAACCACTGTAGCC,R0,A1
AACAACCAAGTACAAG,R0,A2
AACAACCAAACAACCA,R5,A0
AACAACCAAACCGAGA,R1,A5
AACAACCAAACGCTTA,R1,A0
AACAACCAAAGACGGA,R1,A0
AACAACCAAAGGTACA,R0,A2
AACAACCAACACAGAA,R5,A0
AACAACCAACAGCAGA,R5,A0
AACAACCAAAACATCG,R2,A3
AACAACCAACCTCCAA,R0,A0
AACAACCAACGCTCGA,R2,A1
AACAACCAACGTATCA,R1,A0
AACAACCAACTATGCA,R4,A4
AACAACCAAGAGTCAA,R4,A4
AACAACCAAGATCGCA,R4,A0
AACAACCAAGCAGGAA,R2,A5
AACAACCAAGTCACTA,R1,A1
AACAACCAATCCTGTA,R1,A2
AACAACCAATTGAGGA,R1,A0
AACAACCAATGCCTAA,R2,A6
AACAACCACAACCACA,R1,A0
AACAACCAGACTAGTA,R1,A0
AACAACCACAATGGAA,R1,A2
AACAACCACACTTCGA,R1,A0
AACAACCACAGCGTTA,R1,A2
AACAACCACATACCAA,R1,A0
AACAACCACCAGTTCA,R1,A0
AACAACCACCGAAGTA,R1,A2
AACAACCACCGTGAGA,R2,A2
AACAACCACCTCCTGA,R1,A2
AACAACCAAGTGGTCA,R0,A1
AACAACCACGAACTTA,R1,A0
AACAACCACGACTGGA,R1,A0
AACAACCACGCATACA,R1,A2
AACAACCACTCAATGA,R2,A0
AACAACCACTGAGCCA,R2,A2
AACAACCACTGGCATA,R1,A0
AACAACCAGAATCTGA,R1,A0
AACAACCACAAGACTA,R2,A0
AACAACCAGAGCTGAA,R1,A3
AACAACCAGATAGACA,R6,A6
AACAACCAACCACTGT,R2,A1
AACAACCAGCCACATA,R6,A6
AACAACCAACATTGGC,R1,A5
AACAACCACAGATCTG,R4,A4
AACAACCACATCAAGT,R2,A4
AACAACCACGCTGATC,R3,A0
AACCGAGAAACGTGAT,R1,A0
AACCGAGAACAAGCTA,R0,A5
AACCGAGACTGTAGCC,R1,A0
AACCGAGAAGTACAAG,R0,A0
AACCGAGAAACAACCA,R3,A4
AACCGAGAAACCGAGA,R0,A0
AACCGAGAAACGCTTA,R3,A4
AACCGAGAAAGACGGA,R2,A5
AACCGAGAAAGGTACA,R1,A0
AACCGAGAACACAGAA,R2,A1
AACCGAGAACAGCAGA,R2,A0
AACCGAGAAAACATCG,R5,A0
AACCGAGAACCTCCAA,R2,A1
AACCGAGAACGCTCGA,R2,A1
AACCGAGAACGTATCA,R0,A1
AACCGAGAACTATGCA,R0,A1
AACCGAGAAGAGTCAA,R4,A4
AACCGAGAAGATCGCA,R4,A4
AACCGAGAAGCAGGAA,R4,A4
AACCGAGAAGTCACTA,R1,A0
AACCGAGAATCCTGTA,R1,A0
AACCGAGAATTGAGGA,R1,A1
AACCGAGAATGCCTAA,R2,A4
AACCGAGACAACCACA,R1,A0
AACCGAGAGACTAGTA,R2,A0
AACCGAGACAATGGAA,R2,A1
AACCGAGACACTTCGA,R1,A0
AACCGAGACAGCGTTA,R1,A0
AACCGAGACATACCAA,R1,A0
AACCGAGACCAGTTCA,R1,A0
AACCGAGACCGAAGTA,R2,A0
AACCGAGACCGTGAGA,R1,A0
AACCGAGACCTCCTGA,R1,A2
AACCGAGAAGTGGTCA,R1,A0
AACCGAGACGAACTTA,R2,A2
AACCGAGACGACTGGA,R1,A0
AACCGAGACGCATACA,R2,A0
AACCGAGACTCAATGA,R1,A2
AACCGAGACTGAGCCA,R2,A0
AACCGAGACTGGCATA,R1,A0
AACCGAGAGAATCTGA,R1,A3
AACCGAGACAAGACTA,R1,A0
AACCGAGAGAGCTGAA,R1,A0
AACCGAGAGATAGACA,R1,A1
AACCGAGAACCACTGT,R1,A0
AACCGAGAGCCACATA,R6,A1
AACCGAGAACATTGGC,R2,A5
AACCGAGACAGATCTG,R1,A0
AACCGAGACATCAAGT,R4,A4
AACCGAGACGCTGATC,R0,A4
AACGCTTAAACGTGAT,R1,A0
AACGCTTAACAAGCTA,R0,A1
AACGCTTACTGTAGCC,R3,A0
AACGCTTAAGTACAAG,R3,A4
AACGCTTAAACAACCA,R1,A0
AACGCTTAAACCGAGA,R5,A1
AACGCTTAAACGCTTA,R1,A0
AACGCTTAAAGACGGA,R1,A2
AACGCTTAAAGGTACA,R2,A0
AACGCTTAACACAGAA,R2,A5
AACGCTTAACAGCAGA,R0,A0
AACGCTTAAAACATCG,R1,A2
AACGCTTAACCTCCAA,R5,A1
AACGCTTAACGCTCGA,R3,A4
AACGCTTAACGTATCA,R2,A5
AACGCTTAACTATGCA,R5,A4
AACGCTTAAGAGTCAA,R1,A4
AACGCTTAAGATCGCA,R4,A4
AACGCTTAAGCAGGAA,R4,A4
AACGCTTAAGTCACTA,R2,A2
AACGCTTAATCCTGTA,R2,A0
AACGCTTAATTGAGGA,R1,A0
AACGCTTAATGCCTAA,R2,A6
AACGCTTACAACCACA,R0,A1
AACGCTTAGACTAGTA,R0,A2
AACGCTTACAATGGAA,R2,A3
AACGCTTACACTTCGA,R2,A0
AACGCTTACAGCGTTA,R2,A1
AACGCTTACATACCAA,R1,A2
AACGCTTACCAGTTCA,R1,A2
AACGCTTACCGAAGTA,R1,A2
AACGCTTACCGTGAGA,R1,A2
AACGCTTACCTCCTGA,R1,A2
AACGCTTAAGTGGTCA,R0,A2
AACGCTTACGAACTTA,R1,A0
AACGCTTACGACTGGA,R1,A2
AACGCTTACGCATACA,R1,A0
AACGCTTACTCAATGA,R1,A0
AACGCTTACTGAGCCA,R1,A2
AACGCTTACTGGCATA,R1,A0
AACGCTTAGAATCTGA,R1,A0
AACGCTTACAAGACTA,R1,A2
AACGCTTAGAGCTGAA,R1,A0
AACGCTTAGATAGACA,R1,A3
AACGCTTAACCACTGT,R1,A0
AACGCTTAGCCACATA,R1,A0
AACGCTTAACATTGGC,R5,A0
AACGCTTACAGATCTG,R1,A5
AACGCTTACATCAAGT,R4,A4
AACGCTTACGCTGATC,R4,A4
AAGACGGAAACGTGAT,R0,A2
AAGACGGAACAAGCTA,R1,A0
AAGACGGACTGTAGCC,R1,A3
AAGACGGAAGTACAAG,R0,A1
AAGACGGAAACAACCA,R0,A0
AAGACGGAAACCGAGA,R4,A4
AAGACGGAAACGCTTA,R4,A5
AAGACGGAAAGACGGA,R3,A0
AAGACGGAAAGGTACA,R0,A2
AAGACGGAACACAGAA,R3,A2
AAGACGGAACAGCAGA,R0,A0
AAGACGGAAAACATCG,R0,A0
AAGACGGAACCTCCAA,R3,A2
AAGACGGAACGCTCGA,R3,A0
AAGACGGAACGTATCA,R3,A2
AAGACGGAACTATGCA,R5,A2
AAGACGGAAGAGTCAA,R3,A1
AAGACGGAAGATCGCA,R2,A1
AAGACGGAAGCAGGAA,R0,A1
AAGACGGAAGTCACTA,R0,A1
AAGACGGAATCCTGTA,R2,A1
AAGACGGAATTGAGGA,R3,A0
AAGACGGAATGCCTAA,R2,A6
AAGACGGACAACCACA,R3,A1
AAGACGGAGACTAGTA,R0,A1
AAGACGGACAATGGAA,R3,A5
AAGACGGACACTTCGA,R2,A3
AAGACGGACAGCGTTA,R2,A1
AAGACGGACATACCAA,R0,A1
AAGACGGACCAGTTCA,R1,A5
AAGACGGACCGAAGTA,R2,A0
AAGACGGACCGTGAGA,R2,A3
AAGACGGACCTCCTGA,R0,A1
AAGACGGAAGTGGTCA,R1,A3
AAGACGGACGAACTTA,R1,A1
AAGACGGACGACTGGA,R1,A1
AAGACGGACGCATACA,R2,A0
AAGACGGACTCAATGA,R1,A5
AAGACGGACTGAGCCA,R1,A2
AAGACGGACTGGCATA,R1,A1
AAGACGGAGAATCTGA,R1,A0
AAGACGGACAAGACTA,R2,A3
AAGACGGAGAGCTGAA,R1,A0
AAGACGGAGATAGACA,R1,A3
AAGACGGAACCACTGT,R2,A5
AAGACGGAGCCACATA,R1,A3
AAGACGGAACATTGGC,R1,A1
AAGACGGACAGATCTG,R1,A0
AAGACGGACATCAAGT,R4,A4
AAGACGGACGCTGATC,R4,A4
AAGGTACAAACGTGAT,R1,A3
AAGGTACAACAAGCTA,R1,A1
AAGGTACACTGTAGCC,R5,A1
AAGGTACAAGTACAAG,R0,A0
AAGGTACAAACAACCA,R3,A4
AAGGTACAAACCGAGA,R3,A0
AAGGTACAAACGCTTA,R0,A0
AAGGTACAAAGACGGA,R0,A0
AAGGTACAAAGGTACA,R2,A1
AAGGTACAACACAGAA,R0,A2
AAGGTACAACAGCAGA,R2,A1
AAGGTACAAAACATCG,R0,A2
AAGGTACAACCTCCAA,R0,A0
AAGGTACAACGCTCGA,R0,A0
AAGGTACAACGTATCA,R0,A2
AAGGTACAACTATGCA,R2,A5
AAGGTACAAGAGTCAA,R0,A2
AAGGTACAAGATCGCA,R0,A2
AAGGTACAAGCAGGAA,R0,A2
AAGGTACAAGTCACTA,R5,A2
AAGGTACAATCCTGTA,R0,A2
AAGGTACAATTGAGGA,R0,A2
AAGGTACAATGCCTAA,R2,A4
AAGGTACACAACCACA,R0,A2
AAGGTACAGACTAGTA,R5,A2
AAGGTACACAATGGAA,R2,A4
AAGGTACACACTTCGA,R0,A0
AAGGTACACAGCGTTA,R1,A1
AAGGTACACATACCAA,R2,A2
AAGGTACACCAGTTCA,R1,A0
AAGGTACACCGAAGTA,R1,A0
AAGGTACACCGTGAGA,R1,A3
AAGGTACACCTCCTGA,R1,A2
AAGGTACAAGTGGTCA,R0,A2
AAGGTACACGAACTTA,R1,A0
AAGGTACACGACTGGA,R1,A2
AAGGTACACGCATACA,R1,A2
AAGGTACACTCAATGA,R1,A2
AAGGTACACTGAGCCA,R1,A2
AAGGTACACTGGCATA,R1,A0
AAGGTACAGAATCTGA,R1,A0
AAGGTACACAAGACTA,R1,A2
AAGGTACAGAGCTGAA,R1,A2
AAGGTACAGATAGACA,R1,A5
AAGGTACAACCACTGT,R0,A2
AAGGTACAGCCACATA,R1,A2
AAGGTACAACATTGGC,R2,A1
AAGGTACACAGATCTG,R2,A1
AAGGTACACATCAAGT,R4,A4
AAGGTACACGCTGATC,R4,A4
ACACAGAAAACGTGAT,R0,A2
ACACAGAAACAAGCTA,R0,A1
ACACAGAACTGTAGCC,R0,A0
ACACAGAAAGTACAAG,R0,A0
ACACAGAAAACAACCA,R3,A2
ACACAGAAAACCGAGA,R0,A2
ACACAGAAAACGCTTA,R0,A3
ACACAGAAAAGACGGA,R3,A2
ACACAGAAAAGGTACA,R2,A1
ACACAGAAACACAGAA,R0,A5
ACACAGAAACAGCAGA,R5,A0
ACACAGAAAAACATCG,R0,A0
ACACAGAAACCTCCAA,R3,A0
ACACAGAAACGCTCGA,R0,A0
ACACAGAAACGTATCA,R2,A1
ACACAGAAACTATGCA,R0,A1
ACACAGAAAGAGTCAA,R3,A5
ACACAGAAAGATCGCA,R0,A2
ACACAGAAAGCAGGAA,R0,A1
ACACAGAAAGTCACTA,R0,A0
ACACAGAAATCCTGTA,R0,A2
ACACAGAAATTGAGGA,R1,A2
ACACAGAAATGCCTAA,R2,A4
ACACAGAACAACCACA,R0,A2
ACACAGAAGACTAGTA,R0,A2
ACACAGAACAATGGAA,R0,A1
ACACAGAACACTTCGA,R0,A2
ACACAGAACAGCGTTA,R1,A0
ACACAGAACATACCAA,R0,A1
ACACAGAACCAGTTCA,R2,A5
ACACAGAACCGAAGTA,R2,A2
ACACAGAACCGTGAGA,R0,A2
ACACAGAACCTCCTGA,R1,A2
ACACAGAAAGTGGTCA,R2,A1
ACACAGAACGAACTTA,R2,A2
ACACAGAACGACTGGA,R1,A2
ACACAGAACGCATACA,R1,A2
ACACAGAACTCAATGA,R1,A2
ACACAGAACTGAGCCA,R2,A2
ACACAGAACTGGCATA,R1,A2
ACACAGAAGAATCTGA,R1,A2
ACACAGAACAAGACTA,R1,A0
ACACAGAAGAGCTGAA,R2,A0
ACACAGAAGATAGACA,R1,A2
ACACAGAAACCACTGT,R2,A1
ACACAGAAGCCACATA,R1,A2
ACACAGAAACATTGGC,R2,A1
ACACAGAACAGATCTG,R2,A1
ACACAGAACATCAAGT,R4,A4
ACACAGAACGCTGATC,R4,A4
ACAGCAGAAACGTGAT,R0,A2
ACAGCAGAACAAGCTA,R4,A4
ACAGCAGACTGTAGCC,R0,A5
ACAGCAGAAGTACAAG,R1,A1
ACAGCAGAAACAACCA,R0,A3
ACAGCAGAAACCGAGA,R0,A1
ACAGCAGAAACGCTTA,R2,A5
ACAGCAGAAAGACGGA,R2,A0
ACAGCAGAAAGGTACA,R0,A3
ACAGCAGAACACAGAA,R0,A1
ACAGCAGAACAGCAGA,R0,A2
ACAGCAGAAAACATCG,R0,A2
ACAGCAGAACCTCCAA,R0,A0
ACAGCAGAACGCTCGA,R0,A5
ACAGCAGAACGTATCA,R2,A5
ACAGCAGAACTATGCA,R0,A2
ACAGCAGAAGAGTCAA,R3,A1
ACAGCAGAAGATCGCA,R3,A1
ACAGCAGAAGCAGGAA,R2,A1
ACAGCAGAAGTCACTA,R0,A1
ACAGCAGAATCCTGTA,R0,A2
ACAGCAGAATTGAGGA,R5,A0
ACAGCAGAATGCCTAA,R1,A4
ACAGCAGACAACCACA,R2,A1
ACAGCAGAGACTAGTA,R0,A5
ACAGCAGACAATGGAA,R0,A0
ACAGCAGACACTTCGA,R0,A2
ACAGCAGACAGCGTTA,R0,A2
ACAGCAGACATACCAA,R0,A2
ACAGCAGACCAGTTCA,R0,A2
ACAGCAGACCGAAGTA,R1,A3
ACAGCAGACCGTGAGA,R0,A1
ACAGCAGACCTCCTGA,R5,A2
ACAGCAGAAGTGGTCA,R0,A2
ACAGCAGACGAACTTA,R0,A2
ACAGCAGACGACTGGA,R1,A3
ACAGCAGACGCATACA,R2,A0
ACAGCAGACTCAATGA,R1,A3
ACAGCAGACTGAGCCA,R2,A2
ACAGCAGACTGGCATA,R1,A2
ACAGCAGAGAATCTGA,R2,A0
ACAGCAGACAAGACTA,R1,A0
ACAGCAGAGAGCTGAA,R1,A2
ACAGCAGAGATAGACA,R1,A0
ACAGCAGAACCACTGT,R0,A2
ACAGCAGAGCCACATA,R1,A2
ACAGCAGAACATTGGC,R0,A2
ACAGCAGACAGATCTG,R0,A2
ACAGCAGACATCAAGT,R4,A1
ACAGCAGACGCTGATC,R4,A4
AACGTGATAACGTGAT,R0,A2
AACGTGATACAAGCTA,R4,A4
AACGTGATCTGTAGCC,R2,A1
AACGTGATAGTACAAG,R0,A2
AACGTGATAACAACCA,R2,A0
AACGTGATAACCGAGA,R2,A0
AACGTGATAACGCTTA,R2,A1
AACGTGATAAGACGGA,R1,A2
AACGTGATAAGGTACA,R1,A4
AACGTGATACACAGAA,R1,A1
AACGTGATACAGCAGA,R2,A0
AACGTGATAAACATCG,R1,A0
AACGTGATACCTCCAA,R1,A0
AACGTGATACGCTCGA,R1,A2
AACGTGATACGTATCA,R1,A0
AACGTGATACTATGCA,R1,A2
AACGTGATAGAGTCAA,R1,A2
AACGTGATAGATCGCA,R1,A0
AACGTGATAGCAGGAA,R1,A2
AACGTGATAGTCACTA,R1,A0
AACGTGATATCCTGTA,R1,A2
AACGTGATATTGAGGA,R1,A2
AACGTGATATGCCTAA,R1,A0
AACGTGATCAACCACA,R1,A2
AACGTGATGACTAGTA,R1,A2
AACGTGATCAATGGAA,R1,A2
AACGTGATCACTTCGA,R1,A0
AACGTGATCAGCGTTA,R1,A2
AACGTGATCATACCAA,R1,A2
AACGTGATCCAGTTCA,R1,A2
AACGTGATCCGAAGTA,R1,A2
AACGTGATCCGTGAGA,R1,A0
AACGTGATCCTCCTGA,R1,A2
AACGTGATAGTGGTCA,R0,A2
AACGTGATCGAACTTA,R2,A5
AACGTGATCGACTGGA,R2,A6
AACGTGATCGCATACA,R2,A6
AACGTGATCTCAATGA,R7,A1
AACGTGATCTGAGCCA,R7,A6
AACGTGATCTGGCATA,R6,A6
AACGTGATGAATCTGA,R6,A6
AACGTGATCAAGACTA,R6,A5
AACGTGATGAGCTGAA,R6,A6
AACGTGATGATAGACA,R6,A6
AACGTGATACCACTGT,R5,A0
AACGTGATGCCACATA,R6,A6
AACGTGATACATTGGC,R0,A0
AACGTGATCAGATCTG,R4,A4
AACGTGATCATCAAGT,R4,A4
AACGTGATCGCTGATC,R4,A4
ACCTCCAAAACGTGAT,R0,A2
ACCTCCAAACAAGCTA,R4,A4
ACCTCCAACTGTAGCC,R0,A2
ACCTCCAAAGTACAAG,R0,A0
ACCTCCAAAACAACCA,R0,A0
ACCTCCAAAACCGAGA,R0,A0
ACCTCCAAAACGCTTA,R5,A1
ACCTCCAAAAGACGGA,R0,A5
ACCTCCAAAAGGTACA,R3,A4
ACCTCCAAACACAGAA,R0,A3
ACCTCCAAACAGCAGA,R1,A1
ACCTCCAAAAACATCG,R0,A2
ACCTCCAAACCTCCAA,R1,A3
ACCTCCAAACGCTCGA,R0,A2
ACCTCCAAACGTATCA,R0,A2
ACCTCCAAACTATGCA,R5,A1
ACCTCCAAAGAGTCAA,R0,A0
ACCTCCAAAGATCGCA,R0,A0
ACCTCCAAAGCAGGAA,R0,A2
ACCTCCAAAGTCACTA,R3,A2
ACCTCCAAATCCTGTA,R0,A0
ACCTCCAAATTGAGGA,R0,A1
ACCTCCAAATGCCTAA,R0,A1
ACCTCCAACAACCACA,R2,A2
ACCTCCAAGACTAGTA,R3,A0
ACCTCCAACAATGGAA,R1,A3
ACCTCCAACACTTCGA,R1,A3
ACCTCCAACAGCGTTA,R1,A1
ACCTCCAACATACCAA,R1,A1
ACCTCCAACCAGTTCA,R0,A1
ACCTCCAACCGAAGTA,R0,A2
ACCTCCAACCGTGAGA,R0,A3
ACCTCCAACCTCCTGA,R1,A5
ACCTCCAAAGTGGTCA,R0,A0
ACCTCCAACGAACTTA,R1,A3
ACCTCCAACGACTGGA,R0,A2
ACCTCCAACGCATACA,R1,A3
ACCTCCAACTCAATGA,R0,A0
ACCTCCAACTGAGCCA,R2,A0
ACCTCCAACTGGCATA,R1,A0
ACCTCCAAGAATCTGA,R1,A0
ACCTCCAACAAGACTA,R1,A0
ACCTCCAAGAGCTGAA,R1,A0
ACCTCCAAGATAGACA,R1,A2
ACCTCCAAACCACTGT,R0,A0
ACCTCCAAGCCACATA,R1,A0
ACCTCCAAACATTGGC,R2,A4
ACCTCCAACAGATCTG,R2,A1
ACCTCCAACATCAAGT,R0,A2
ACCTCCAACGCTGATC,R4,A4
ACGCTCGAAACGTGAT,R0,A2
ACGCTCGAACAAGCTA,R4,A4
ACGCTCGACTGTAGCC,R2,A0
ACGCTCGAAGTACAAG,R0,A0
ACGCTCGAAACAACCA,R0,A0
ACGCTCGAAACCGAGA,R3,A1
ACGCTCGAAACGCTTA,R0,A1
ACGCTCGAAAGACGGA,R2,A1
ACGCTCGAAAGGTACA,R3,A0
ACGCTCGAACACAGAA,R0,A5
ACGCTCGAACAGCAGA,R2,A1
ACGCTCGAAAACATCG,R0,A2
ACGCTCGAACCTCCAA,R0,A0
ACGCTCGAACGCTCGA,R3,A0
ACGCTCGAACGTATCA,R1,A3
ACGCTCGAACTATGCA,R0,A1
ACGCTCGAAGAGTCAA,R0,A2
ACGCTCGAAGATCGCA,R2,A1
ACGCTCGAAGCAGGAA,R1,A1
ACGCTCGAAGTCACTA,R0,A1
ACGCTCGAATCCTGTA,R0,A1
ACGCTCGAATTGAGGA,R0,A1
ACGCTCGAATGCCTAA,R0,A2
ACGCTCGACAACCACA,R2,A5
ACGCTCGAGACTAGTA,R0,A1
ACGCTCGACAATGGAA,R0,A2
ACGCTCGACACTTCGA,R0,A2
ACGCTCGACAGCGTTA,R0,A0
ACGCTCGACATACCAA,R0,A0
ACGCTCGACCAGTTCA,R1,A2
ACGCTCGACCGAAGTA,R2,A0
ACGCTCGACCGTGAGA,R5,A3
ACGCTCGACCTCCTGA,R2,A0
ACGCTCGAAGTGGTCA,R0,A0
ACGCTCGACGAACTTA,R1,A1
ACGCTCGACGACTGGA,R2,A1
ACGCTCGACGCATACA,R0,A0
ACGCTCGACTCAATGA,R0,A2
ACGCTCGACTGAGCCA,R1,A3
ACGCTCGACTGGCATA,R1,A3
ACGCTCGAGAATCTGA,R2,A3
ACGCTCGACAAGACTA,R1,A3
ACGCTCGAGAGCTGAA,R0,A2
ACGCTCGAGATAGACA,R1,A2
ACGCTCGAACCACTGT,R2,A0
ACGCTCGAGCCACATA,R1,A0
ACGCTCGAACATTGGC,R0,A2
ACGCTCGACAGATCTG,R0,A3
ACGCTCGACATCAAGT,R0,A2
ACGCTCGACGCTGATC,R4,A4
ACGTATCAAACGTGAT,R0,A2
ACGTATCAACAAGCTA,R4,A4
ACGTATCACTGTAGCC,R3,A4
ACGTATCAAGTACAAG,R0,A0
ACGTATCAAACAACCA,R5,A1
ACGTATCAAACCGAGA,R3,A5
ACGTATCAAACGCTTA,R0,A2
ACGTATCAAAGACGGA,R0,A0
ACGTATCAAAGGTACA,R3,A0
ACGTATCAACACAGAA,R0,A1
ACGTATCAACAGCAGA,R3,A2
ACGTATCAAAACATCG,R0,A2
ACGTATCAACCTCCAA,R0,A1
ACGTATCAACGCTCGA,R0,A1
ACGTATCAACGTATCA,R0,A2
ACGTATCAACTATGCA,R0,A2
ACGTATCAAGAGTCAA,R2,A1
ACGTATCAAGATCGCA,R3,A4
ACGTATCAAGCAGGAA,R2,A1
ACGTATCAAGTCACTA,R0,A2
ACGTATCAATCCTGTA,R0,A2
ACGTATCAATTGAGGA,R0,A0
ACGTATCAATGCCTAA,R1,A0
ACGTATCACAACCACA,R3,A1
ACGTATCAGACTAGTA,R0,A1
ACGTATCACAATGGAA,R0,A1
ACGTATCACACTTCGA,R2,A0
ACGTATCACAGCGTTA,R3,A0
ACGTATCACATACCAA,R5,A5
ACGTATCACCAGTTCA,R1,A0
ACGTATCACCGAAGTA,R1,A1
ACGTATCACCGTGAGA,R0,A2
ACGTATCACCTCCTGA,R2,A0
ACGTATCAAGTGGTCA,R0,A2
ACGTATCACGAACTTA,R1,A3
ACGTATCACGACTGGA,R0,A2
ACGTATCACGCATACA,R2,A3
ACGTATCACTCAATGA,R0,A0
ACGTATCACTGAGCCA,R0,A0
ACGTATCACTGGCATA,R1,A3
ACGTATCAGAATCTGA,R1,A3
ACGTATCACAAGACTA,R0,A0
ACGTATCAGAGCTGAA,R1,A5
ACGTATCAGATAGACA,R2,A3
ACGTATCAACCACTGT,R0,A2
ACGTATCAGCCACATA,R1,A2
ACGTATCAACATTGGC,R2,A5
ACGTATCACAGATCTG,R0,A3
ACGTATCACATCAAGT,R0,A2
ACGTATCACGCTGATC,R4,A4
ACTATGCAAACGTGAT,R0,A2
ACTATGCAACAAGCTA,R4,A4
ACTATGCACTGTAGCC,R4,A1
ACTATGCAAGTACAAG,R0,A1
ACTATGCAAACAACCA,R0,A2
ACTATGCAAACCGAGA,R0,A1
ACTATGCAAACGCTTA,R2,A1
ACTATGCAAAGACGGA,R2,A1
ACTATGCAAAGGTACA,R0,A2
ACTATGCAACACAGAA,R0,A0
ACTATGCAACAGCAGA,R0,A0
ACTATGCAAAACATCG,R0,A2
ACTATGCAACCTCCAA,R0,A2
ACTATGCAACGCTCGA,R3,A0
ACTATGCAACGTATCA,R0,A3
ACTATGCAACTATGCA,R3,A1
ACTATGCAAGAGTCAA,R3,A0
ACTATGCAAGATCGCA,R3,A4
ACTATGCAAGCAGGAA,R5,A0
ACTATGCAAGTCACTA,R3,A2
ACTATGCAATCCTGTA,R3,A1
ACTATGCAATTGAGGA,R3,A3
ACTATGCAATGCCTAA,R1,A2
ACTATGCACAACCACA,R3,A0
ACTATGCAGACTAGTA,R0,A2
ACTATGCACAATGGAA,R0,A2
ACTATGCACACTTCGA,R0,A2
ACTATGCACAGCGTTA,R0,A2
ACTATGCACATACCAA,R0,A2
ACTATGCACCAGTTCA,R0,A1
ACTATGCACCGAAGTA,R1,A0
ACTATGCACCGTGAGA,R1,A4
ACTATGCACCTCCTGA,R1,A0
ACTATGCAAGTGGTCA,R2,A4
ACTATGCACGAACTTA,R5,A1
ACTATGCACGACTGGA,R1,A3
ACTATGCACGCATACA,R2,A1
ACTATGCACTCAATGA,R0,A0
ACTATGCACTGAGCCA,R0,A2
ACTATGCACTGGCATA,R0,A1
ACTATGCAGAATCTGA,R5,A3
ACTATGCACAAGACTA,R0,A0
ACTATGCAGAGCTGAA,R1,A0
ACTATGCAGATAGACA,R0,A3
ACTATGCAACCACTGT,R1,A3
ACTATGCAGCCACATA,R1,A3
ACTATGCAACATTGGC,R0,A0
ACTATGCACAGATCTG,R0,A2
ACTATGCACATCAAGT,R0,A2
ACTATGCACGCTGATC,R4,A0
AGAGTCAAAACGTGAT,R1,A4
AGAGTCAAACAAGCTA,R4,A4
AGAGTCAACTGTAGCC,R4,A4
AGAGTCAAAGTACAAG,R3,A0
AGAGTCAAAACAACCA,R0,A0
AGAGTCAAAACCGAGA,R0,A5
AGAGTCAAAACGCTTA,R0,A1
AGAGTCAAAAGACGGA,R2,A5
AGAGTCAAAAGGTACA,R3,A2
AGAGTCAAACACAGAA,R0,A1
AGAGTCAAACAGCAGA,R3,A1
AGAGTCAAAAACATCG,R0,A2
AGAGTCAAACCTCCAA,R0,A0
AGAGTCAAACGCTCGA,R0,A0
AGAGTCAAACGTATCA,R0,A1
AGAGTCAAACTATGCA,R0,A1
AGAGTCAAAGAGTCAA,R0,A0
AGAGTCAAAGATCGCA,R3,A0
AGAGTCAAAGCAGGAA,R2,A1
AGAGTCAAAGTCACTA,R2,A1
AGAGTCAAATCCTGTA,R2,A1
AGAGTCAAATTGAGGA,R0,A2
AGAGTCAAATGCCTAA,R1,A0
AGAGTCAACAACCACA,R0,A1
AGAGTCAAGACTAGTA,R0,A2
AGAGTCAACAATGGAA,R0,A0
AGAGTCAACACTTCGA,R0,A2
AGAGTCAACAGCGTTA,R0,A2
AGAGTCAACATACCAA,R2,A1
AGAGTCAACCAGTTCA,R0,A1
AGAGTCAACCGAAGTA,R0,A1
AGAGTCAACCGTGAGA,R0,A0
AGAGTCAACCTCCTGA,R0,A0
AGAGTCAAAGTGGTCA,R2,A4
AGAGTCAACGAACTTA,R1,A5
AGAGTCAACGACTGGA,R0,A0
AGAGTCAACGCATACA,R0,A2
AGAGTCAACTCAATGA,R5,A3
AGAGTCAACTGAGCCA,R0,A2
AGAGTCAACTGGCATA,R1,A3
AGAGTCAAGAATCTGA,R0,A3
AGAGTCAACAAGACTA,R3,A0
AGAGTCAAGAGCTGAA,R1,A3
AGAGTCAAGATAGACA,R1,A3
AGAGTCAAACCACTGT,R1,A0
AGAGTCAAGCCACATA,R1,A3
AGAGTCAAACATTGGC,R1,A3
AGAGTCAACAGATCTG,R0,A3
AGAGTCAACATCAAGT,R0,A0
AGAGTCAACGCTGATC,R0,A0
AGATCGCAAACGTGAT,R1,A0
AGATCGCAACAAGCTA,R0,A3
AGATCGCACTGTAGCC,R4,A4
AGATCGCAAGTACAAG,R4,A4
AGATCGCAAACAACCA,R0,A5
AGATCGCAAACCGAGA,R2,A0
AGATCGCAAACGCTTA,R0,A0
AGATCGCAAAGACGGA,R3,A4
AGATCGCAAAGGTACA,R1,A3
AGATCGCAACACAGAA,R1,A3
AGATCGCAACAGCAGA,R1,A3
AGATCGCAAAACATCG,R1,A2
AGATCGCAACCTCCAA,R1,A3
AGATCGCAACGCTCGA,R0,A1
AGATCGCAACGTATCA,R0,A3
AGATCGCAACTATGCA,R0,A0
AGATCGCAAGAGTCAA,R1,A3
AGATCGCAAGATCGCA,R3,A3
AGATCGCAAGCAGGAA,R1,A3
AGATCGCAAGTCACTA,R1,A3
AGATCGCAATCCTGTA,R1,A0
AGATCGCAATTGAGGA,R0,A1
AGATCGCAATGCCTAA,R1,A0
AGATCGCACAACCACA,R3,A3
AGATCGCAGACTAGTA,R1,A1
AGATCGCACAATGGAA,R1,A3
AGATCGCACACTTCGA,R1,A3
AGATCGCACAGCGTTA,R1,A3
AGATCGCACATACCAA,R1,A3
AGATCGCACCAGTTCA,R0,A0
AGATCGCACCGAAGTA,R1,A3
AGATCGCACCGTGAGA,R2,A5
AGATCGCACCTCCTGA,R0,A0
AGATCGCAAGTGGTCA,R2,A4
AGATCGCACGAACTTA,R1,A3
AGATCGCACGACTGGA,R1,A3
AGATCGCACGCATACA,R1,A5
AGATCGCACTCAATGA,R2,A5
AGATCGCACTGAGCCA,R0,A3
AGATCGCACTGGCATA,R1,A3
AGATCGCAGAATCTGA,R3,A1
AGATCGCACAAGACTA,R1,A3
AGATCGCAGAGCTGAA,R1,A3
AGATCGCAGATAGACA,R1,A3
AGATCGCAACCACTGT,R1,A0
AGATCGCAGCCACATA,R1,A3
AGATCGCAACATTGGC,R1,A3
AGATCGCACAGATCTG,R1,A0
AGATCGCACATCAAGT,R1,A3
AGATCGCACGCTGATC,R0,A3
AGCAGGAAAACGTGAT,R0,A0
AGCAGGAAACAAGCTA,R0,A0
AGCAGGAACTGTAGCC,R4,A4
AGCAGGAAAGTACAAG,R4,A4
AGCAGGAAAACAACCA,R3,A0
AGCAGGAAAACCGAGA,R0,A0
AGCAGGAAAACGCTTA,R1,A0
AGCAGGAAAAGACGGA,R1,A0
AGCAGGAAAAGGTACA,R0,A0
AGCAGGAAACACAGAA,R5,A4
AGCAGGAAACAGCAGA,R1,A3
AGCAGGAAAAACATCG,R1,A0
AGCAGGAAACCTCCAA,R3,A3
AGCAGGAAACGCTCGA,R3,A3
AGCAGGAAACGTATCA,R3,A1
AGCAGGAAACTATGCA,R3,A4
AGCAGGAAAGAGTCAA,R1,A3
AGCAGGAAAGATCGCA,R0,A3
AGCAGGAAAGCAGGAA,R1,A3
AGCAGGAAAGTCACTA,R1,A3
AGCAGGAAATCCTGTA,R3,A3
AGCAGGAAATTGAGGA,R0,A0
AGCAGGAAATGCCTAA,R1,A0
AGCAGGAACAACCACA,R3,A5
AGCAGGAAGACTAGTA,R1,A3
AGCAGGAACAATGGAA,R1,A1
AGCAGGAACACTTCGA,R1,A3
AGCAGGAACAGCGTTA,R0,A3
AGCAGGAACATACCAA,R1,A3
AGCAGGAACCAGTTCA,R0,A0
AGCAGGAACCGAAGTA,R5,A3
AGCAGGAACCGTGAGA,R1,A2
AGCAGGAACCTCCTGA,R1,A4
AGCAGGAAAGTGGTCA,R0,A0
AGCAGGAACGAACTTA,R1,A3
AGCAGGAACGACTGGA,R2,A5
AGCAGGAACGCATACA,R0,A2
AGCAGGAACTCAATGA,R0,A5
AGCAGGAACTGAGCCA,R0,A0
AGCAGGAACTGGCATA,R1,A3
AGCAGGAAGAATCTGA,R1,A1
AGCAGGAACAAGACTA,R0,A0
AGCAGGAAGAGCTGAA,R3,A1
AGCAGGAAGATAGACA,R1,A3
AGCAGGAAACCACTGT,R0,A1
AGCAGGAAGCCACATA,R5,A1
AGCAGGAAACATTGGC,R0,A0
AGCAGGAACAGATCTG,R2,A1
AGCAGGAACATCAAGT,R1,A3
AGCAGGAACGCTGATC,R0,A0
AGTCACTAAACGTGAT,R0,A2
AGTCACTAACAAGCTA,R0,A0
AGTCACTACTGTAGCC,R0,A3
AGTCACTAAGTACAAG,R4,A4
AGTCACTAAACAACCA,R0,A1
AGTCACTAAACCGAGA,R3,A4
AGTCACTAAACGCTTA,R0,A3
AGTCACTAAAGACGGA,R3,A4
AGTCACTAAAGGTACA,R3,A5
AGTCACTAACACAGAA,R0,A3
AGTCACTAACAGCAGA,R0,A3
AGTCACTAAAACATCG,R1,A3
AGTCACTAACCTCCAA,R1,A0
AGTCACTAACGCTCGA,R1,A3
AGTCACTAACGTATCA,R1,A3
AGTCACTAACTATGCA,R0,A5
AGTCACTAAGAGTCAA,R0,A3
AGTCACTAAGATCGCA,R0,A3
AGTCACTAAGCAGGAA,R0,A3
AGTCACTAAGTCACTA,R2,A1
AGTCACTAATCCTGTA,R2,A0
AGTCACTAATTGAGGA,R0,A1
AGTCACTAATGCCTAA,R0,A0
AGTCACTACAACCACA,R3,A1
AGTCACTAGACTAGTA,R3,A0
AGTCACTACAATGGAA,R0,A0
AGTCACTACACTTCGA,R1,A0
AGTCACTACAGCGTTA,R1,A1
AGTCACTACATACCAA,R1,A1
AGTCACTACCAGTTCA,R0,A3
AGTCACTACCGAAGTA,R1,A0
AGTCACTACCGTGAGA,R0,A1
AGTCACTACCTCCTGA,R0,A1
AGTCACTAAGTGGTCA,R2,A0
AGTCACTACGAACTTA,R0,A3
AGTCACTACGACTGGA,R0,A3
AGTCACTACGCATACA,R2,A1
AGTCACTACTCAATGA,R0,A3
AGTCACTACTGAGCCA,R1,A3
AGTCACTACTGGCATA,R0,A5
AGTCACTAGAATCTGA,R0,A1
AGTCACTACAAGACTA,R1,A3
AGTCACTAGAGCTGAA,R2,A1
AGTCACTAGATAGACA,R2,A3
AGTCACTAACCACTGT,R1,A5
AGTCACTAGCCACATA,R3,A0
AGTCACTAACATTGGC,R0,A0
AGTCACTACAGATCTG,R2,A0
AGTCACTACATCAAGT,R2,A1
AGTCACTACGCTGATC,R0,A0
ATCCTGTAAACGTGAT,R0,A3
ATCCTGTAACAAGCTA,R0,A5
ATCCTGTACTGTAGCC,R0,A3
ATCCTGTAAGTACAAG,R4,A4
ATCCTGTAAACAACCA,R3,A4
ATCCTGTAAACCGAGA,R0,A3
ATCCTGTAAACGCTTA,R0,A0
ATCCTGTAAAGACGGA,R3,A3
ATCCTGTAAAGGTACA,R3,A4
ATCCTGTAACACAGAA,R0,A4
ATCCTGTAACAGCAGA,R3,A4
ATCCTGTAAAACATCG,R0,A0
ATCCTGTAACCTCCAA,R3,A3
ATCCTGTAACGCTCGA,R0,A4
ATCCTGTAACGTATCA,R0,A4
ATCCTGTAACTATGCA,R3,A3
ATCCTGTAAGAGTCAA,R0,A3
ATCCTGTAAGATCGCA,R3,A3
ATCCTGTAAGCAGGAA,R0,A4
ATCCTGTAAGTCACTA,R0,A3
ATCCTGTAATCCTGTA,R2,A5
ATCCTGTAATTGAGGA,R3,A3
ATCCTGTAATGCCTAA,R0,A0
ATCCTGTACAACCACA,R0,A1
ATCCTGTAGACTAGTA,R3,A3
ATCCTGTACAATGGAA,R0,A3
ATCCTGTACACTTCGA,R0,A3
ATCCTGTACAGCGTTA,R0,A3
ATCCTGTACATACCAA,R0,A3
ATCCTGTACCAGTTCA,R0,A3
ATCCTGTACCGAAGTA,R0,A3
ATCCTGTACCGTGAGA,R0,A3
ATCCTGTACCTCCTGA,R3,A3
ATCCTGTAAGTGGTCA,R0,A3
ATCCTGTACGAACTTA,R3,A3
ATCCTGTACGACTGGA,R3,A1
ATCCTGTACGCATACA,R2,A5
ATCCTGTACTCAATGA,R3,A1
ATCCTGTACTGAGCCA,R3,A5
ATCCTGTACTGGCATA,R3,A4
ATCCTGTAGAATCTGA,R3,A3
ATCCTGTACAAGACTA,R3,A3
ATCCTGTAGAGCTGAA,R3,A1
ATCCTGTAGATAGACA,R2,A5
ATCCTGTAACCACTGT,R0,A5
ATCCTGTAGCCACATA,R0,A3
ATCCTGTAACATTGGC,R0,A3
ATCCTGTACAGATCTG,R0,A3
ATCCTGTACATCAAGT,R0,A3
ATCCTGTACGCTGATC,R0,A2
ATTGAGGAAACGTGAT,R0,A0
ATTGAGGAACAAGCTA,R2,A0
ATTGAGGACTGTAGCC,R3,A0
ATTGAGGAAGTACAAG,R4,A4
ATTGAGGAAACAACCA,R4,A4
ATTGAGGAAACCGAGA,R3,A1
ATTGAGGAAACGCTTA,R3,A2
ATTGAGGAAAGACGGA,R3,A1
ATTGAGGAAAGGTACA,R3,A3
ATTGAGGAACACAGAA,R3,A1
ATTGAGGAACAGCAGA,R3,A4
ATTGAGGAAAACATCG,R0,A2
ATTGAGGAACCTCCAA,R3,A3
ATTGAGGAACGCTCGA,R3,A4
ATTGAGGAACGTATCA,R3,A1
ATTGAGGAACTATGCA,R3,A4
ATTGAGGAAGAGTCAA,R3,A3
ATTGAGGAAGATCGCA,R5,A3
ATTGAGGAAGCAGGAA,R3,A3
ATTGAGGAAGTCACTA,R3,A3
ATTGAGGAATCCTGTA,R3,A5
ATTGAGGAATTGAGGA,R3,A1
ATTGAGGAATGCCTAA,R0,A3
ATTGAGGACAACCACA,R3,A3
ATTGAGGAGACTAGTA,R3,A3
ATTGAGGACAATGGAA,R0,A3
ATTGAGGACACTTCGA,R3,A3
ATTGAGGACAGCGTTA,R3,A5
ATTGAGGACATACCAA,R3,A0
ATTGAGGACCAGTTCA,R3,A3
ATTGAGGACCGAAGTA,R3,A1
ATTGAGGACCGTGAGA,R0,A1
ATTGAGGACCTCCTGA,R3,A5
ATTGAGGAAGTGGTCA,R0,A2
ATTGAGGACGAACTTA,R3,A3
ATTGAGGACGACTGGA,R3,A3
ATTGAGGACGCATACA,R0,A3
ATTGAGGACTCAATGA,R5,A5
ATTGAGGACTGAGCCA,R3,A0
ATTGAGGACTGGCATA,R0,A1
ATTGAGGAGAATCTGA,R0,A4
ATTGAGGACAAGACTA,R0,A3
ATTGAGGAGAGCTGAA,R3,A3
ATTGAGGAGATAGACA,R3,A3
ATTGAGGAACCACTGT,R0,A4
ATTGAGGAGCCACATA,R3,A3
ATTGAGGAACATTGGC,R5,A0
ATTGAGGACAGATCTG,R0,A3
ATTGAGGACATCAAGT,R3,A0
ATTGAGGACGCTGATC,R0,A0
AAACATCGAACGTGAT,R1,A2
AAACATCGACAAGCTA,R4,A4
AAACATCGCTGTAGCC,R4,A4
AAACATCGAGTACAAG,R4,A4
AAACATCGAACAACCA,R4,A3
AAACATCGAACCGAGA,R0,A0
AAACATCGAACGCTTA,R0,A2
AAACATCGAAGACGGA,R2,A1
AAACATCGAAGGTACA,R1,A1
AAACATCGACACAGAA,R2,A4
AAACATCGACAGCAGA,R2,A0
AAACATCGAAACATCG,R1,A0
AAACATCGACCTCCAA,R1,A2
AAACATCGACGCTCGA,R1,A2
AAACATCGACGTATCA,R2,A2
AAACATCGACTATGCA,R1,A2
AAACATCGAGAGTCAA,R1,A0
AAACATCGAGATCGCA,R1,A2
AAACATCGAGCAGGAA,R1,A2
AAACATCGAGTCACTA,R1,A0
AAACATCGATCCTGTA,R1,A2
AAACATCGATTGAGGA,R1,A2
AAACATCGATGCCTAA,R1,A4
AAACATCGCAACCACA,R1,A2
AAACATCGGACTAGTA,R1,A2
AAACATCGCAATGGAA,R1,A2
AAACATCGCACTTCGA,R2,A0
AAACATCGCAGCGTTA,R1,A2
AAACATCGCATACCAA,R1,A0
AAACATCGCCAGTTCA,R1,A2
AAACATCGCCGAAGTA,R1,A2
AAACATCGCCGTGAGA,R2,A1
AAACATCGCCTCCTGA,R1,A2
AAACATCGAGTGGTCA,R0,A2
AAACATCGCGAACTTA,R2,A5
AAACATCGCGACTGGA,R2,A6
AAACATCGCGCATACA,R1,A4
AAACATCGCTCAATGA,R7,A1
AAACATCGCTGAGCCA,R7,A1
AAACATCGCTGGCATA,R6,A6
AAACATCGGAATCTGA,R6,A6
AAACATCGCAAGACTA,R6,A6
AAACATCGGAGCTGAA,R6,A6
AAACATCGGATAGACA,R6,A6
AAACATCGACCACTGT,R0,A2
AAACATCGGCCACATA,R6,A5
AAACATCGACATTGGC,R0,A5
AAACATCGCAGATCTG,R4,A4
AAACATCGCATCAAGT,R4,A4
AAACATCGCGCTGATC,R4,A4
CAACCACAAACGTGAT,R2,A0
CAACCACAACAAGCTA,R0,A0
CAACCACACTGTAGCC,R3,A2
CAACCACAAGTACAAG,R4,A4
CAACCACAAACAACCA,R4,A4
CAACCACAAACCGAGA,R0,A1
CAACCACAAACGCTTA,R0,A1
CAACCACAAAGACGGA,R3,A0
CAACCACAAAGGTACA,R3,A3
CAACCACAACACAGAA,R3,A1
CAACCACAACAGCAGA,R3,A4
CAACCACAAAACATCG,R0,A2
CAACCACAACCTCCAA,R3,A0
CAACCACAACGCTCGA,R3,A4
CAACCACAACGTATCA,R3,A4
CAACCACAACTATGCA,R3,A0
CAACCACAAGAGTCAA,R0,A1
CAACCACAAGATCGCA,R0,A1
CAACCACAAGCAGGAA,R0,A3
CAACCACAAGTCACTA,R0,A3
CAACCACAATCCTGTA,R0,A1
CAACCACAATTGAGGA,R0,A1
CAACCACAATGCCTAA,R1,A0
CAACCACACAACCACA,R0,A1
CAACCACAGACTAGTA,R3,A0
CAACCACACAATGGAA,R2,A1
CAACCACACACTTCGA,R3,A1
CAACCACACAGCGTTA,R0,A1
CAACCACACATACCAA,R1,A3
CAACCACACCAGTTCA,R0,A5
CAACCACACCGAAGTA,R3,A0
CAACCACACCGTGAGA,R0,A3
CAACCACACCTCCTGA,R0,A0
CAACCACAAGTGGTCA,R3,A0
CAACCACACGAACTTA,R3,A1
CAACCACACGACTGGA,R3,A0
CAACCACACGCATACA,R0,A1
CAACCACACTCAATGA,R3,A1
CAACCACACTGAGCCA,R0,A1
CAACCACACTGGCATA,R2,A5
CAACCACAGAATCTGA,R0,A3
CAACCACACAAGACTA,R3,A3
CAACCACAGAGCTGAA,R0,A3
CAACCACAGATAGACA,R0,A1
CAACCACAACCACTGT,R2,A4
CAACCACAGCCACATA,R5,A0
CAACCACAACATTGGC,R0,A3
CAACCACACAGATCTG,R0,A2
CAACCACACATCAAGT,R2,A1
CAACCACACGCTGATC,R0,A0
GACTAGTAAACGTGAT,R0,A0
GACTAGTAACAAGCTA,R0,A0
GACTAGTACTGTAGCC,R0,A0
GACTAGTAAGTACAAG,R0,A4
GACTAGTAAACAACCA,R4,A4
GACTAGTAAACCGAGA,R3,A3
GACTAGTAAACGCTTA,R0,A1
GACTAGTAAAGACGGA,R0,A1
GACTAGTAAAGGTACA,R4,A1
GACTAGTAACACAGAA,R0,A5
GACTAGTAACAGCAGA,R3,A3
GACTAGTAAAACATCG,R0,A0
GACTAGTAACCTCCAA,R3,A3
GACTAGTAACGCTCGA,R5,A0
GACTAGTAACGTATCA,R3,A1
GACTAGTAACTATGCA,R3,A4
GACTAGTAAGAGTCAA,R0,A0
GACTAGTAAGATCGCA,R3,A0
GACTAGTAAGCAGGAA,R3,A1
GACTAGTAAGTCACTA,R0,A3
GACTAGTAATCCTGTA,R3,A0
GACTAGTAATTGAGGA,R3,A3
GACTAGTAATGCCTAA,R1,A0
GACTAGTACAACCACA,R0,A3
GACTAGTAGACTAGTA,R0,A5
GACTAGTACAATGGAA,R3,A0
GACTAGTACACTTCGA,R0,A0
GACTAGTACAGCGTTA,R0,A3
GACTAGTACATACCAA,R0,A1
GACTAGTACCAGTTCA,R1,A3
GACTAGTACCGAAGTA,R3,A0
GACTAGTACCGTGAGA,R3,A2
GACTAGTACCTCCTGA,R3,A1
GACTAGTAAGTGGTCA,R0,A2
GACTAGTACGAACTTA,R3,A0
GACTAGTACGACTGGA,R3,A0
GACTAGTACGCATACA,R0,A1
GACTAGTACTCAATGA,R0,A0
GACTAGTACTGAGCCA,R0,A2
GACTAGTACTGGCATA,R2,A1
GACTAGTAGAATCTGA,R0,A2
GACTAGTACAAGACTA,R5,A2
GACTAGTAGAGCTGAA,R1,A3
GACTAGTAGATAGACA,R0,A0
GACTAGTAACCACTGT,R1,A0
GACTAGTAGCCACATA,R2,A5
GACTAGTAACATTGGC,R1,A3
GACTAGTACAGATCTG,R0,A0
GACTAGTACATCAAGT,R2,A2
GACTAGTACGCTGATC,R0,A1
CAATGGAAAACGTGAT,R1,A3
CAATGGAAACAAGCTA,R0,A0
CAATGGAACTGTAGCC,R0,A2
CAATGGAAAGTACAAG,R0,A5
CAATGGAAAACAACCA,R4,A4
CAATGGAAAACCGAGA,R4,A4
CAATGGAAAACGCTTA,R0,A5
CAATGGAAAAGACGGA,R5,A4
CAATGGAAAAGGTACA,R3,A4
CAATGGAAACACAGAA,R2,A1
CAATGGAAACAGCAGA,R3,A0
CAATGGAAAAACATCG,R0,A0
CAATGGAAACCTCCAA,R0,A0
CAATGGAAACGCTCGA,R3,A1
CAATGGAAACGTATCA,R3,A4
CAATGGAAACTATGCA,R0,A1
CAATGGAAAGAGTCAA,R0,A2
CAATGGAAAGATCGCA,R0,A2
CAATGGAAAGCAGGAA,R3,A2
CAATGGAAAGTCACTA,R3,A5
CAATGGAAATCCTGTA,R0,A1
CAATGGAAATTGAGGA,R0,A3
CAATGGAAATGCCTAA,R0,A2
CAATGGAACAACCACA,R3,A1
CAATGGAAGACTAGTA,R3,A2
CAATGGAACAATGGAA,R3,A1
CAATGGAACACTTCGA,R5,A2
CAATGGAACAGCGTTA,R0,A0
CAATGGAACATACCAA,R0,A2
CAATGGAACCAGTTCA,R2,A1
CAATGGAACCGAAGTA,R0,A0
CAATGGAACCGTGAGA,R0,A1
CAATGGAACCTCCTGA,R0,A1
CAATGGAAAGTGGTCA,R0,A2
CAATGGAACGAACTTA,R3,A3
CAATGGAACGACTGGA,R3,A5
CAATGGAACGCATACA,R0,A5
CAATGGAACTCAATGA,R0,A0
CAATGGAACTGAGCCA,R0,A2
CAATGGAACTGGCATA,R0,A0
CAATGGAAGAATCTGA,R0,A1
CAATGGAACAAGACTA,R0,A5
CAATGGAAGAGCTGAA,R0,A2
CAATGGAAGATAGACA,R2,A1
CAATGGAAACCACTGT,R0,A0
CAATGGAAGCCACATA,R2,A5
CAATGGAAACATTGGC,R2,A2
CAATGGAACAGATCTG,R0,A0
CAATGGAACATCAAGT,R0,A1
CAATGGAACGCTGATC,R0,A0
CACTTCGAAACGTGAT,R1,A3
CACTTCGAACAAGCTA,R0,A0
CACTTCGACTGTAGCC,R2,A5
CACTTCGAAGTACAAG,R2,A3
CACTTCGAAACAACCA,R4,A1
CACTTCGAAACCGAGA,R4,A4
CACTTCGAAACGCTTA,R3,A4
CACTTCGAAAGACGGA,R3,A0
CACTTCGAAAGGTACA,R3,A4
CACTTCGAACACAGAA,R0,A3
CACTTCGAACAGCAGA,R0,A5
CACTTCGAAAACATCG,R0,A2
CACTTCGAACCTCCAA,R3,A1
CACTTCGAACGCTCGA,R0,A1
CACTTCGAACGTATCA,R0,A1
CACTTCGAACTATGCA,R3,A5
CACTTCGAAGAGTCAA,R2,A4
CACTTCGAAGATCGCA,R3,A0
CACTTCGAAGCAGGAA,R3,A3
CACTTCGAAGTCACTA,R0,A0
CACTTCGAATCCTGTA,R0,A1
CACTTCGAATTGAGGA,R3,A0
CACTTCGAATGCCTAA,R0,A0
CACTTCGACAACCACA,R3,A5
CACTTCGAGACTAGTA,R3,A4
CACTTCGACAATGGAA,R0,A5
CACTTCGACACTTCGA,R3,A4
CACTTCGACAGCGTTA,R0,A0
CACTTCGACATACCAA,R2,A1
CACTTCGACCAGTTCA,R0,A0
CACTTCGACCGAAGTA,R2,A1
CACTTCGACCGTGAGA,R3,A1
CACTTCGACCTCCTGA,R3,A4
CACTTCGAAGTGGTCA,R0,A2
CACTTCGACGAACTTA,R0,A1
CACTTCGACGACTGGA,R3,A2
CACTTCGACGCATACA,R0,A2
CACTTCGACTCAATGA,R0,A2
CACTTCGACTGAGCCA,R0,A1
CACTTCGACTGGCATA,R0,A5
CACTTCGAGAATCTGA,R0,A1
CACTTCGACAAGACTA,R0,A3
CACTTCGAGAGCTGAA,R0,A3
CACTTCGAGATAGACA,R0,A5
CACTTCGAACCACTGT,R0,A2
CACTTCGAGCCACATA,R2,A5
CACTTCGAACATTGGC,R2,A4
CACTTCGACAGATCTG,R1,A0
CACTTCGACATCAAGT,R2,A1
CACTTCGACGCTGATC,R0,A2
CAGCGTTAAACGTGAT,R0,A2
CAGCGTTAACAAGCTA,R0,A2
CAGCGTTACTGTAGCC,R0,A2
CAGCGTTAAGTACAAG,R2,A2
CAGCGTTAAACAACCA,R2,A1
CAGCGTTAAACCGAGA,R4,A4
CAGCGTTAAACGCTTA,R4,A1
CAGCGTTAAAGACGGA,R0,A3
CAGCGTTAAAGGTACA,R0,A1
CAGCGTTAACACAGAA,R3,A1
CAGCGTTAACAGCAGA,R3,A1
CAGCGTTAAAACATCG,R0,A2
CAGCGTTAACCTCCAA,R3,A5
CAGCGTTAACGCTCGA,R2,A1
CAGCGTTAACGTATCA,R0,A0
CAGCGTTAACTATGCA,R3,A0
CAGCGTTAAGAGTCAA,R0,A3
CAGCGTTAAGATCGCA,R0,A2
CAGCGTTAAGCAGGAA,R0,A0
CAGCGTTAAGTCACTA,R3,A3
CAGCGTTAATCCTGTA,R3,A3
CAGCGTTAATTGAGGA,R3,A2
CAGCGTTAATGCCTAA,R0,A2
CAGCGTTACAACCACA,R0,A3
CAGCGTTAGACTAGTA,R3,A2
CAGCGTTACAATGGAA,R0,A5
CAGCGTTACACTTCGA,R3,A0
CAGCGTTACAGCGTTA,R3,A1
CAGCGTTACATACCAA,R3,A2
CAGCGTTACCAGTTCA,R0,A1
CAGCGTTACCGAAGTA,R0,A5
CAGCGTTACCGTGAGA,R3,A1
CAGCGTTACCTCCTGA,R3,A1
CAGCGTTAAGTGGTCA,R0,A2
CAGCGTTACGAACTTA,R0,A5
CAGCGTTACGACTGGA,R2,A1
CAGCGTTACGCATACA,R5,A0
CAGCGTTACTCAATGA,R0,A1
CAGCGTTACTGAGCCA,R2,A1
CAGCGTTACTGGCATA,R0,A0
CAGCGTTAGAATCTGA,R0,A1
CAGCGTTACAAGACTA,R0,A0
CAGCGTTAGAGCTGAA,R0,A3
CAGCGTTAGATAGACA,R2,A3
CAGCGTTAACCACTGT,R0,A0
CAGCGTTAGCCACATA,R0,A1
CAGCGTTAACATTGGC,R1,A4
CAGCGTTACAGATCTG,R1,A0
CAGCGTTACATCAAGT,R0,A3
CAGCGTTACGCTGATC,R0,A2
CATACCAAAACGTGAT,R0,A2
CATACCAAACAAGCTA,R0,A2
CATACCAACTGTAGCC,R0,A2
CATACCAAAGTACAAG,R0,A2
CATACCAAAACAACCA,R0,A2
CATACCAAAACCGAGA,R4,A4
CATACCAAAACGCTTA,R4,A4
CATACCAAAAGACGGA,R4,A0
CATACCAAAAGGTACA,R0,A0
CATACCAAACACAGAA,R3,A1
CATACCAAACAGCAGA,R0,A1
CATACCAAAAACATCG,R0,A2
CATACCAAACCTCCAA,R0,A2
CATACCAAACGCTCGA,R3,A0
CATACCAAACGTATCA,R0,A0
CATACCAAACTATGCA,R3,A0
CATACCAAAGAGTCAA,R3,A0
CATACCAAAGATCGCA,R0,A1
CATACCAAAGCAGGAA,R3,A1
CATACCAAAGTCACTA,R3,A1
CATACCAAATCCTGTA,R2,A1
CATACCAAATTGAGGA,R3,A1
CATACCAAATGCCTAA,R2,A0
CATACCAACAACCACA,R3,A2
CATACCAAGACTAGTA,R0,A1
CATACCAACAATGGAA,R3,A0
CATACCAACACTTCGA,R0,A3
CATACCAACAGCGTTA,R0,A1
CATACCAACATACCAA,R0,A3
CATACCAACCAGTTCA,R0,A5
CATACCAACCGAAGTA,R0,A0
CATACCAACCGTGAGA,R0,A5
CATACCAACCTCCTGA,R2,A1
CATACCAAAGTGGTCA,R0,A2
CATACCAACGAACTTA,R0,A1
CATACCAACGACTGGA,R0,A1
CATACCAACGCATACA,R0,A1
CATACCAACTCAATGA,R2,A5
CATACCAACTGAGCCA,R0,A0
CATACCAACTGGCATA,R2,A1
CATACCAAGAATCTGA,R2,A3
CATACCAACAAGACTA,R0,A3
CATACCAAGAGCTGAA,R1,A3
CATACCAAGATAGACA,R1,A3
CATACCAAACCACTGT,R0,A0
CATACCAAGCCACATA,R1,A3
CATACCAAACATTGGC,R0,A2
CATACCAACAGATCTG,R0,A5
CATACCAACATCAAGT,R4,A0
CATACCAACGCTGATC,R5,A2
CCAGTTCAAACGTGAT,R5,A2
CCAGTTCAACAAGCTA,R0,A0
CCAGTTCACTGTAGCC,R2,A3
CCAGTTCAAGTACAAG,R0,A2
CCAGTTCAAACAACCA,R0,A0
CCAGTTCAAACCGAGA,R4,A4
CCAGTTCAAACGCTTA,R4,A1
CCAGTTCAAAGACGGA,R5,A1
CCAGTTCAAAGGTACA,R0,A0
CCAGTTCAACACAGAA,R0,A1
CCAGTTCAACAGCAGA,R3,A0
CCAGTTCAAAACATCG,R2,A1
CCAGTTCAACCTCCAA,R3,A4
CCAGTTCAACGCTCGA,R3,A0
CCAGTTCAACGTATCA,R3,A0
CCAGTTCAACTATGCA,R3,A1
CCAGTTCAAGAGTCAA,R0,A3
CCAGTTCAAGATCGCA,R3,A2
CCAGTTCAAGCAGGAA,R3,A2
CCAGTTCAAGTCACTA,R3,A4
CCAGTTCAATCCTGTA,R3,A5
CCAGTTCAATTGAGGA,R3,A1
CCAGTTCAATGCCTAA,R1,A0
CCAGTTCACAACCACA,R2,A5
CCAGTTCAGACTAGTA,R3,A1
CCAGTTCACAATGGAA,R3,A0
CCAGTTCACACTTCGA,R3,A2
CCAGTTCACAGCGTTA,R2,A1
CCAGTTCACATACCAA,R2,A5
CCAGTTCACCAGTTCA,R2,A1
CCAGTTCACCGAAGTA,R0,A5
CCAGTTCACCGTGAGA,R0,A1
CCAGTTCACCTCCTGA,R3,A0
CCAGTTCAAGTGGTCA,R1,A2
CCAGTTCACGAACTTA,R0,A5
CCAGTTCACGACTGGA,R0,A5
CCAGTTCACGCATACA,R1,A0
CCAGTTCACTCAATGA,R1,A3
CCAGTTCACTGAGCCA,R2,A3
CCAGTTCACTGGCATA,R0,A1
CCAGTTCAGAATCTGA,R0,A0
CCAGTTCACAAGACTA,R0,A2
CCAGTTCAGAGCTGAA,R0,A2
CCAGTTCAGATAGACA,R2,A3
CCAGTTCAACCACTGT,R0,A2
CCAGTTCAGCCACATA,R0,A1
CCAGTTCAACATTGGC,R0,A0
CCAGTTCACAGATCTG,R2,A5
CCAGTTCACATCAAGT,R1,A3
CCAGTTCACGCTGATC,R1,A2
CCGAAGTAAACGTGAT,R0,A3
CCGAAGTAACAAGCTA,R0,A0
CCGAAGTACTGTAGCC,R2,A0
CCGAAGTAAGTACAAG,R1,A3
CCGAAGTAAACAACCA,R2,A1
CCGAAGTAAACCGAGA,R4,A4
CCGAAGTAAACGCTTA,R4,A4
CCGAAGTAAAGACGGA,R4,A4
CCGAAGTAAAGGTACA,R3,A3
CCGAAGTAACACAGAA,R5,A0
CCGAAGTAACAGCAGA,R0,A1
CCGAAGTAAAACATCG,R2,A3
CCGAAGTAACCTCCAA,R3,A4
CCGAAGTAACGCTCGA,R3,A5
CCGAAGTAACGTATCA,R3,A0
CCGAAGTAACTATGCA,R5,A2
CCGAAGTAAGAGTCAA,R3,A0
CCGAAGTAAGATCGCA,R0,A2
CCGAAGTAAGCAGGAA,R3,A0
CCGAAGTAAGTCACTA,R0,A5
CCGAAGTAATCCTGTA,R3,A1
CCGAAGTAATTGAGGA,R3,A2
CCGAAGTAATGCCTAA,R0,A0
CCGAAGTACAACCACA,R2,A0
CCGAAGTAGACTAGTA,R3,A2
CCGAAGTACAATGGAA,R0,A1
CCGAAGTACACTTCGA,R3,A0
CCGAAGTACAGCGTTA,R3,A1
CCGAAGTACATACCAA,R3,A5
CCGAAGTACCAGTTCA,R0,A0
CCGAAGTACCGAAGTA,R0,A5
CCGAAGTACCGTGAGA,R0,A2
CCGAAGTACCTCCTGA,R0,A3
CCGAAGTAAGTGGTCA,R0,A0
CCGAAGTACGAACTTA,R2,A3
CCGAAGTACGACTGGA,R0,A1
CCGAAGTACGCATACA,R2,A1
CCGAAGTACTCAATGA,R2,A5
CCGAAGTACTGAGCCA,R1,A1
CCGAAGTACTGGCATA,R2,A3
CCGAAGTAGAATCTGA,R2,A1
CCGAAGTACAAGACTA,R0,A3
CCGAAGTAGAGCTGAA,R2,A1
CCGAAGTAGATAGACA,R1,A3
CCGAAGTAACCACTGT,R0,A0
CCGAAGTAGCCACATA,R0,A3
CCGAAGTAACATTGGC,R1,A3
CCGAAGTACAGATCTG,R2,A4
CCGAAGTACATCAAGT,R1,A5
CCGAAGTACGCTGATC,R1,A3
CCGTGAGAAACGTGAT,R0,A0
CCGTGAGAACAAGCTA,R0,A0
CCGTGAGACTGTAGCC,R0,A3
CCGTGAGAAGTACAAG,R2,A5
CCGTGAGAAACAACCA,R2,A1
CCGTGAGAAACCGAGA,R3,A3
CCGTGAGAAACGCTTA,R4,A4
CCGTGAGAAAGACGGA,R4,A4
CCGTGAGAAAGGTACA,R0,A1
CCGTGAGAACACAGAA,R0,A1
CCGTGAGAACAGCAGA,R3,A1
CCGTGAGAAAACATCG,R0,A0
CCGTGAGAACCTCCAA,R3,A5
CCGTGAGAACGCTCGA,R3,A4
CCGTGAGAACGTATCA,R3,A1
CCGTGAGAACTATGCA,R3,A1
CCGTGAGAAGAGTCAA,R0,A0
CCGTGAGAAGATCGCA,R3,A0
CCGTGAGAAGCAGGAA,R3,A5
CCGTGAGAAGTCACTA,R0,A1
CCGTGAGAATCCTGTA,R2,A1
CCGTGAGAATTGAGGA,R3,A1
CCGTGAGAATGCCTAA,R0,A3
CCGTGAGACAACCACA,R3,A4
CCGTGAGAGACTAGTA,R0,A1
CCGTGAGACAATGGAA,R3,A1
CCGTGAGACACTTCGA,R0,A1
CCGTGAGACAGCGTTA,R3,A1
CCGTGAGACATACCAA,R3,A0
CCGTGAGACCAGTTCA,R0,A4
CCGTGAGACCGAAGTA,R3,A5
CCGTGAGACCGTGAGA,R3,A1
CCGTGAGACCTCCTGA,R3,A3
CCGTGAGAAGTGGTCA,R0,A2
CCGTGAGACGAACTTA,R0,A1
CCGTGAGACGACTGGA,R0,A0
CCGTGAGACGCATACA,R2,A1
CCGTGAGACTCAATGA,R3,A0
CCGTGAGACTGAGCCA,R2,A1
CCGTGAGACTGGCATA,R2,A1
CCGTGAGAGAATCTGA,R2,A1
CCGTGAGACAAGACTA,R0,A3
CCGTGAGAGAGCTGAA,R2,A1
CCGTGAGAGATAGACA,R0,A3
CCGTGAGAACCACTGT,R1,A3
CCGTGAGAGCCACATA,R2,A0
CCGTGAGAACATTGGC,R0,A0
CCGTGAGACAGATCTG,R2,A5
CCGTGAGACATCAAGT,R1,A1
CCGTGAGACGCTGATC,R1,A3
CCTCCTGAAACGTGAT,R0,A3
CCTCCTGAACAAGCTA,R0,A1
CCTCCTGACTGTAGCC,R2,A3
CCTCCTGAAGTACAAG,R2,A1
CCTCCTGAAACAACCA,R2,A1
CCTCCTGAAACCGAGA,R4,A0
CCTCCTGAAACGCTTA,R4,A1
CCTCCTGAAAGACGGA,R4,A4
CCTCCTGAAAGGTACA,R4,A6
CCTCCTGAACACAGAA,R0,A3
CCTCCTGAACAGCAGA,R0,A5
CCTCCTGAAAACATCG,R1,A3
CCTCCTGAACCTCCAA,R3,A3
CCTCCTGAACGCTCGA,R3,A1
CCTCCTGAACGTATCA,R3,A3
CCTCCTGAACTATGCA,R3,A1
CCTCCTGAAGAGTCAA,R0,A0
CCTCCTGAAGATCGCA,R3,A1
CCTCCTGAAGCAGGAA,R0,A0
CCTCCTGAAGTCACTA,R0,A1
CCTCCTGAATCCTGTA,R3,A0
CCTCCTGAATTGAGGA,R3,A3
CCTCCTGAATGCCTAA,R1,A3
CCTCCTGACAACCACA,R3,A4
CCTCCTGAGACTAGTA,R2,A5
CCTCCTGACAATGGAA,R3,A5
CCTCCTGACACTTCGA,R2,A1
CCTCCTGACAGCGTTA,R0,A0
CCTCCTGACATACCAA,R3,A0
CCTCCTGACCAGTTCA,R3,A5
CCTCCTGACCGAAGTA,R5,A1
CCTCCTGACCGTGAGA,R0,A1
CCTCCTGACCTCCTGA,R3,A0
CCTCCTGAAGTGGTCA,R0,A2
CCTCCTGACGAACTTA,R2,A5
CCTCCTGACGACTGGA,R2,A1
CCTCCTGACGCATACA,R0,A2
CCTCCTGACTCAATGA,R1,A3
CCTCCTGACTGAGCCA,R0,A3
CCTCCTGACTGGCATA,R0,A3
CCTCCTGAGAATCTGA,R0,A3
CCTCCTGACAAGACTA,R2,A5
CCTCCTGAGAGCTGAA,R1,A3
CCTCCTGAGATAGACA,R2,A5
CCTCCTGAACCACTGT,R1,A0
CCTCCTGAGCCACATA,R1,A3
CCTCCTGAACATTGGC,R0,A0
CCTCCTGACAGATCTG,R1,A0
CCTCCTGACATCAAGT,R1,A1
CCTCCTGACGCTGATC,R1,A3
ATGCCTAAAACGTGAT,R1,A2
ATGCCTAAACAAGCTA,R2,A0
ATGCCTAACTGTAGCC,R3,A4
ATGCCTAAAGTACAAG,R4,A4
ATGCCTAAAACAACCA,R4,A4
ATGCCTAAAACCGAGA,R4,A4
ATGCCTAAAACGCTTA,R1,A0
ATGCCTAAAAGACGGA,R2,A1
ATGCCTAAAAGGTACA,R1,A0
ATGCCTAAACACAGAA,R1,A0
ATGCCTAAACAGCAGA,R1,A4
ATGCCTAAAAACATCG,R1,A2
ATGCCTAAACCTCCAA,R2,A0
ATGCCTAAACGCTCGA,R2,A0
ATGCCTAAACGTATCA,R1,A2
ATGCCTAAACTATGCA,R1,A2
ATGCCTAAAGAGTCAA,R1,A2
ATGCCTAAAGATCGCA,R1,A2
ATGCCTAAAGCAGGAA,R1,A0
ATGCCTAAAGTCACTA,R1,A2
ATGCCTAAATCCTGTA,R1,A0
ATGCCTAAATTGAGGA,R1,A3
ATGCCTAAATGCCTAA,R1,A4
ATGCCTAACAACCACA,R1,A2
ATGCCTAAGACTAGTA,R2,A2
ATGCCTAACAATGGAA,R1,A2
ATGCCTAACACTTCGA,R1,A0
ATGCCTAACAGCGTTA,R1,A0
ATGCCTAACATACCAA,R1,A2
ATGCCTAACCAGTTCA,R1,A0
ATGCCTAACCGAAGTA,R1,A0
ATGCCTAACCGTGAGA,R1,A2
ATGCCTAACCTCCTGA,R1,A2
ATGCCTAAAGTGGTCA,R0,A2
ATGCCTAACGAACTTA,R1,A0
ATGCCTAACGACTGGA,R2,A5
ATGCCTAACGCATACA,R2,A4
ATGCCTAACTCAATGA,R1,A1
ATGCCTAACTGAGCCA,R7,A1
ATGCCTAACTGGCATA,R6,A6
ATGCCTAAGAATCTGA,R6,A6
ATGCCTAACAAGACTA,R6,A6
ATGCCTAAGAGCTGAA,R6,A6
ATGCCTAAGATAGACA,R6,A6
ATGCCTAAACCACTGT,R0,A0
ATGCCTAAGCCACATA,R6,A5
ATGCCTAAACATTGGC,R4,A4
ATGCCTAACAGATCTG,R2,A4
ATGCCTAACATCAAGT,R4,A4
ATGCCTAACGCTGATC,R4,A4
CGAACTTAAACGTGAT,R1,A1
CGAACTTAACAAGCTA,R0,A2
CGAACTTACTGTAGCC,R0,A0
CGAACTTAAGTACAAG,R2,A3
CGAACTTAAACAACCA,R0,A0
CGAACTTAAACCGAGA,R0,A1
CGAACTTAAACGCTTA,R0,A0
CGAACTTAAAGACGGA,R4,A4
CGAACTTAAAGGTACA,R4,A4
CGAACTTAACACAGAA,R0,A5
CGAACTTAACAGCAGA,R0,A1
CGAACTTAAAACATCG,R2,A5
CGAACTTAACCTCCAA,R3,A2
CGAACTTAACGCTCGA,R3,A0
CGAACTTAACGTATCA,R3,A5
CGAACTTAACTATGCA,R3,A5
CGAACTTAAGAGTCAA,R3,A3
CGAACTTAAGATCGCA,R0,A1
CGAACTTAAGCAGGAA,R0,A1
CGAACTTAAGTCACTA,R3,A1
CGAACTTAATCCTGTA,R0,A0
CGAACTTAATTGAGGA,R3,A0
CGAACTTAATGCCTAA,R0,A3
CGAACTTACAACCACA,R3,A0
CGAACTTAGACTAGTA,R3,A0
CGAACTTACAATGGAA,R3,A3
CGAACTTACACTTCGA,R0,A5
CGAACTTACAGCGTTA,R0,A2
CGAACTTACATACCAA,R3,A3
CGAACTTACCAGTTCA,R3,A5
CGAACTTACCGAAGTA,R2,A5
CGAACTTACCGTGAGA,R0,A1
CGAACTTACCTCCTGA,R3,A1
CGAACTTAAGTGGTCA,R0,A3
CGAACTTACGAACTTA,R3,A0
CGAACTTACGACTGGA,R0,A1
CGAACTTACGCATACA,R2,A1
CGAACTTACTCAATGA,R0,A0
CGAACTTACTGAGCCA,R0,A1
CGAACTTACTGGCATA,R0,A0
CGAACTTAGAATCTGA,R2,A1
CGAACTTACAAGACTA,R1,A1
CGAACTTAGAGCTGAA,R2,A5
CGAACTTAGATAGACA,R2,A1
CGAACTTAACCACTGT,R1,A0
CGAACTTAGCCACATA,R2,A3
CGAACTTAACATTGGC,R0,A3
CGAACTTACAGATCTG,R1,A0
CGAACTTACATCAAGT,R1,A1
CGAACTTACGCTGATC,R1,A3
CGACTGGAAACGTGAT,R0,A3
CGACTGGAACAAGCTA,R0,A2
CGACTGGACTGTAGCC,R1,A3
CGACTGGAAGTACAAG,R0,A1
CGACTGGAAACAACCA,R0,A0
CGACTGGAAACCGAGA,R2,A1
CGACTGGAAACGCTTA,R0,A1
CGACTGGAAAGACGGA,R4,A0
CGACTGGAAAGGTACA,R4,A4
CGACTGGAACACAGAA,R4,A4
CGACTGGAACAGCAGA,R3,A1
CGACTGGAAAACATCG,R1,A3
CGACTGGAACCTCCAA,R0,A3
CGACTGGAACGCTCGA,R0,A0
CGACTGGAACGTATCA,R0,A1
CGACTGGAACTATGCA,R0,A0
CGACTGGAAGAGTCAA,R3,A3
CGACTGGAAGATCGCA,R0,A0
CGACTGGAAGCAGGAA,R2,A1
CGACTGGAAGTCACTA,R3,A0
CGACTGGAATCCTGTA,R0,A5
CGACTGGAATTGAGGA,R3,A2
CGACTGGAATGCCTAA,R0,A5
CGACTGGACAACCACA,R3,A1
CGACTGGAGACTAGTA,R0,A5
CGACTGGACAATGGAA,R0,A1
CGACTGGACACTTCGA,R0,A1
CGACTGGACAGCGTTA,R2,A3
CGACTGGACATACCAA,R5,A0
CGACTGGACCAGTTCA,R3,A4
CGACTGGACCGAAGTA,R0,A1
CGACTGGACCGTGAGA,R3,A5
CGACTGGACCTCCTGA,R3,A0
CGACTGGAAGTGGTCA,R0,A0
CGACTGGACGAACTTA,R0,A1
CGACTGGACGACTGGA,R2,A5
CGACTGGACGCATACA,R0,A5
CGACTGGACTCAATGA,R2,A2
CGACTGGACTGAGCCA,R0,A2
CGACTGGACTGGCATA,R0,A3
CGACTGGAGAATCTGA,R2,A1
CGACTGGACAAGACTA,R0,A0
CGACTGGAGAGCTGAA,R0,A3
CGACTGGAGATAGACA,R2,A3
CGACTGGAACCACTGT,R1,A0
CGACTGGAGCCACATA,R1,A3
CGACTGGAACATTGGC,R0,A3
CGACTGGACAGATCTG,R0,A0
CGACTGGACATCAAGT,R1,A1
CGACTGGACGCTGATC,R0,A3
CGCATACAAACGTGAT,R2,A5
CGCATACAACAAGCTA,R0,A2
CGCATACACTGTAGCC,R1,A3
CGCATACAAGTACAAG,R0,A0
CGCATACAAACAACCA,R0,A2
CGCATACAAACCGAGA,R0,A2
CGCATACAAACGCTTA,R0,A2
CGCATACAAAGACGGA,R0,A0
CGCATACAAAGGTACA,R4,A4
CGCATACAACACAGAA,R4,A4
CGCATACAACAGCAGA,R4,A4
CGCATACAAAACATCG,R1,A3
CGCATACAACCTCCAA,R2,A1
CGCATACAACGCTCGA,R0,A0
CGCATACAACGTATCA,R3,A1
CGCATACAACTATGCA,R0,A2
CGCATACAAGAGTCAA,R3,A0
CGCATACAAGATCGCA,R3,A5
CGCATACAAGCAGGAA,R2,A1
CGCATACAAGTCACTA,R2,A1
CGCATACAATCCTGTA,R0,A0
CGCATACAATTGAGGA,R1,A1
CGCATACAATGCCTAA,R0,A0
CGCATACACAACCACA,R0,A2
CGCATACAGACTAGTA,R0,A0
CGCATACACAATGGAA,R3,A1
CGCATACACACTTCGA,R0,A1
CGCATACACAGCGTTA,R0,A0
CGCATACACATACCAA,R3,A3
CGCATACACCAGTTCA,R3,A5
CGCATACACCGAAGTA,R3,A5
CGCATACACCGTGAGA,R0,A1
CGCATACACCTCCTGA,R3,A0
CGCATACAAGTGGTCA,R0,A3
CGCATACACGAACTTA,R3,A1
CGCATACACGACTGGA,R0,A1
CGCATACACGCATACA,R0,A0
CGCATACACTCAATGA,R0,A0
CGCATACACTGAGCCA,R0,A2
CGCATACACTGGCATA,R0,A0
CGCATACAGAATCTGA,R5,A5
CGCATACACAAGACTA,R0,A1
CGCATACAGAGCTGAA,R2,A1
CGCATACAGATAGACA,R1,A3
CGCATACAACCACTGT,R0,A3
CGCATACAGCCACATA,R2,A5
CGCATACAACATTGGC,R1,A0
CGCATACACAGATCTG,R1,A0
CGCATACACATCAAGT,R0,A1
CGCATACACGCTGATC,R0,A3
CTCAATGAAACGTGAT,R1,A3
CTCAATGAACAAGCTA,R0,A2
CTCAATGACTGTAGCC,R1,A0
CTCAATGAAGTACAAG,R2,A1
CTCAATGAAACAACCA,R2,A6
CTCAATGAAACCGAGA,R0,A2
CTCAATGAAACGCTTA,R0,A3
CTCAATGAAAGACGGA,R0,A0
CTCAATGAAAGGTACA,R2,A1
CTCAATGAACACAGAA,R4,A4
CTCAATGAACAGCAGA,R4,A4
CTCAATGAAAACATCG,R1,A3
CTCAATGAACCTCCAA,R3,A0
CTCAATGAACGCTCGA,R0,A3
CTCAATGAACGTATCA,R0,A1
CTCAATGAACTATGCA,R2,A1
CTCAATGAAGAGTCAA,R0,A1
CTCAATGAAGATCGCA,R2,A1
CTCAATGAAGCAGGAA,R0,A0
CTCAATGAAGTCACTA,R2,A5
CTCAATGAATCCTGTA,R0,A2
CTCAATGAATTGAGGA,R3,A3
CTCAATGAATGCCTAA,R1,A3
CTCAATGACAACCACA,R0,A1
CTCAATGAGACTAGTA,R3,A1
CTCAATGACAATGGAA,R3,A0
CTCAATGACACTTCGA,R0,A0
CTCAATGACAGCGTTA,R3,A2
CTCAATGACATACCAA,R3,A2
CTCAATGACCAGTTCA,R3,A0
CTCAATGACCGAAGTA,R3,A2
CTCAATGACCGTGAGA,R0,A1
CTCAATGACCTCCTGA,R0,A1
CTCAATGAAGTGGTCA,R1,A3
CTCAATGACGAACTTA,R3,A1
CTCAATGACGACTGGA,R3,A1
CTCAATGACGCATACA,R2,A1
CTCAATGACTCAATGA,R0,A2
CTCAATGACTGAGCCA,R0,A2
CTCAATGACTGGCATA,R0,A5
CTCAATGAGAATCTGA,R0,A1
CTCAATGACAAGACTA,R1,A1
CTCAATGAGAGCTGAA,R1,A1
CTCAATGAGATAGACA,R2,A3
CTCAATGAACCACTGT,R1,A3
CTCAATGAGCCACATA,R2,A1
CTCAATGAACATTGGC,R0,A0
CTCAATGACAGATCTG,R1,A3
CTCAATGACATCAAGT,R1,A3
CTCAATGACGCTGATC,R0,A5
CTGAGCCAAACGTGAT,R2,A3
CTGAGCCAACAAGCTA,R0,A1
CTGAGCCACTGTAGCC,R1,A3
CTGAGCCAAGTACAAG,R1,A3
CTGAGCCAAACAACCA,R2,A3
CTGAGCCAAACCGAGA,R2,A1
CTGAGCCAAACGCTTA,R2,A0
CTGAGCCAAAGACGGA,R2,A3
CTGAGCCAAAGGTACA,R2,A1
CTGAGCCAACACAGAA,R4,A3
CTGAGCCAACAGCAGA,R4,A4
CTGAGCCAAAACATCG,R0,A3
CTGAGCCAACCTCCAA,R4,A4
CTGAGCCAACGCTCGA,R4,A0
CTGAGCCAACGTATCA,R0,A0
CTGAGCCAACTATGCA,R3,A0
CTGAGCCAAGAGTCAA,R0,A5
CTGAGCCAAGATCGCA,R3,A1
CTGAGCCAAGCAGGAA,R0,A3
CTGAGCCAAGTCACTA,R2,A1
CTGAGCCAATCCTGTA,R3,A5
CTGAGCCAATTGAGGA,R0,A3
CTGAGCCAATGCCTAA,R0,A3
CTGAGCCACAACCACA,R0,A1
CTGAGCCAGACTAGTA,R2,A0
CTGAGCCACAATGGAA,R3,A5
CTGAGCCACACTTCGA,R2,A5
CTGAGCCACAGCGTTA,R3,A1
CTGAGCCACATACCAA,R5,A2
CTGAGCCACCAGTTCA,R3,A0
CTGAGCCACCGAAGTA,R3,A5
CTGAGCCACCGTGAGA,R0,A0
CTGAGCCACCTCCTGA,R3,A1
CTGAGCCAAGTGGTCA,R1,A3
CTGAGCCACGAACTTA,R0,A3
CTGAGCCACGACTGGA,R2,A5
CTGAGCCACGCATACA,R5,A0
CTGAGCCACTCAATGA,R4,A4
CTGAGCCACTGAGCCA,R0,A5
CTGAGCCACTGGCATA,R2,A5
CTGAGCCAGAATCTGA,R2,A3
CTGAGCCACAAGACTA,R2,A1
CTGAGCCAGAGCTGAA,R2,A1
CTGAGCCAGATAGACA,R1,A3
CTGAGCCAACCACTGT,R0,A3
CTGAGCCAGCCACATA,R2,A3
CTGAGCCAACATTGGC,R1,A3
CTGAGCCACAGATCTG,R1,A0
CTGAGCCACATCAAGT,R0,A3
CTGAGCCACGCTGATC,R0,A0
CTGGCATAAACGTGAT,R0,A3
CTGGCATAACAAGCTA,R0,A3
CTGGCATACTGTAGCC,R0,A3
CTGGCATAAGTACAAG,R0,A0
CTGGCATAAACAACCA,R0,A3
CTGGCATAAACCGAGA,R2,A1
CTGGCATAAACGCTTA,R0,A3
CTGGCATAAAGACGGA,R2,A3
CTGGCATAAAGGTACA,R0,A5
CTGGCATAACACAGAA,R0,A3
CTGGCATAACAGCAGA,R4,A4
CTGGCATAAAACATCG,R1,A3
CTGGCATAACCTCCAA,R4,A4
CTGGCATAACGCTCGA,R4,A4
CTGGCATAACGTATCA,R0,A4
CTGGCATAACTATGCA,R5,A1
CTGGCATAAGAGTCAA,R5,A1
CTGGCATAAGATCGCA,R3,A1
CTGGCATAAGCAGGAA,R3,A5
CTGGCATAAGTCACTA,R3,A0
CTGGCATAATCCTGTA,R3,A3
CTGGCATAATTGAGGA,R3,A1
CTGGCATAATGCCTAA,R1,A3
CTGGCATACAACCACA,R3,A0
CTGGCATAGACTAGTA,R0,A1
CTGGCATACAATGGAA,R3,A1
CTGGCATACACTTCGA,R3,A0
CTGGCATACAGCGTTA,R0,A1
CTGGCATACATACCAA,R0,A5
CTGGCATACCAGTTCA,R3,A1
CTGGCATACCGAAGTA,R0,A1
CTGGCATACCGTGAGA,R0,A5
CTGGCATACCTCCTGA,R3,A5
CTGGCATAAGTGGTCA,R1,A3
CTGGCATACGAACTTA,R3,A2
CTGGCATACGACTGGA,R1,A3
CTGGCATACGCATACA,R0,A3
CTGGCATACTCAATGA,R3,A1
CTGGCATACTGAGCCA,R4,A4
CTGGCATACTGGCATA,R2,A6
CTGGCATAGAATCTGA,R0,A5
CTGGCATACAAGACTA,R1,A3
CTGGCATAGAGCTGAA,R2,A3
CTGGCATAGATAGACA,R1,A3
CTGGCATAACCACTGT,R0,A3
CTGGCATAGCCACATA,R2,A1
CTGGCATAACATTGGC,R1,A3
CTGGCATACAGATCTG,R0,A3
CTGGCATACATCAAGT,R1,A3
CTGGCATACGCTGATC,R0,A0
GAATCTGAAACGTGAT,R1,A3
GAATCTGAACAAGCTA,R0,A3
GAATCTGACTGTAGCC,R0,A2
GAATCTGAAGTACAAG,R1,A1
GAATCTGAAACAACCA,R0,A0
GAATCTGAAACCGAGA,R1,A3
GAATCTGAAACGCTTA,R0,A5
GAATCTGAAAGACGGA,R2,A5
GAATCTGAAAGGTACA,R2,A5
GAATCTGAACACAGAA,R2,A5
GAATCTGAACAGCAGA,R3,A0
GAATCTGAAAACATCG,R2,A3
GAATCTGAACCTCCAA,R4,A4
GAATCTGAACGCTCGA,R4,A4
GAATCTGAACGTATCA,R4,A4
GAATCTGAACTATGCA,R3,A1
GAATCTGAAGAGTCAA,R0,A0
GAATCTGAAGATCGCA,R5,A1
GAATCTGAAGCAGGAA,R0,A1
GAATCTGAAGTCACTA,R3,A4
GAATCTGAATCCTGTA,R0,A3
GAATCTGAATTGAGGA,R0,A3
GAATCTGAATGCCTAA,R1,A3
GAATCTGACAACCACA,R0,A4
GAATCTGAGACTAGTA,R3,A1
GAATCTGACAATGGAA,R2,A5
GAATCTGACACTTCGA,R3,A1
GAATCTGACAGCGTTA,R0,A1
GAATCTGACATACCAA,R0,A0
GAATCTGACCAGTTCA,R3,A0
GAATCTGACCGAAGTA,R3,A1
GAATCTGACCGTGAGA,R3,A1
GAATCTGACCTCCTGA,R3,A0
GAATCTGAAGTGGTCA,R1,A3
GAATCTGACGAACTTA,R5,A1
GAATCTGACGACTGGA,R0,A1
GAATCTGACGCATACA,R5,A0
GAATCTGACTCAATGA,R3,A0
GAATCTGACTGAGCCA,R4,A4
GAATCTGACTGGCATA,R0,A6
GAATCTGAGAATCTGA,R0,A0
GAATCTGACAAGACTA,R0,A0
GAATCTGAGAGCTGAA,R1,A3
GAATCTGAGATAGACA,R0,A3
GAATCTGAACCACTGT,R0,A3
GAATCTGAGCCACATA,R2,A3
GAATCTGAACATTGGC,R0,A3
GAATCTGACAGATCTG,R1,A3
GAATCTGACATCAAGT,R1,A3
GAATCTGACGCTGATC,R1,A0
CAAGACTAAACGTGAT,R1,A3
CAAGACTAACAAGCTA,R1,A3
CAAGACTACTGTAGCC,R0,A2
CAAGACTAAGTACAAG,R0,A1
CAAGACTAAACAACCA,R0,A3
CAAGACTAAACCGAGA,R1,A1
CAAGACTAAACGCTTA,R1,A3
CAAGACTAAAGACGGA,R0,A2
CAAGACTAAAGGTACA,R2,A1
CAAGACTAACACAGAA,R0,A1
CAAGACTAACAGCAGA,R0,A3
CAAGACTAAAACATCG,R1,A0
CAAGACTAACCTCCAA,R2,A5
CAAGACTAACGCTCGA,R4,A4
CAAGACTAACGTATCA,R4,A4
CAAGACTAACTATGCA,R4,A4
CAAGACTAAGAGTCAA,R0,A0
CAAGACTAAGATCGCA,R3,A0
CAAGACTAAGCAGGAA,R0,A2
CAAGACTAAGTCACTA,R0,A2
CAAGACTAATCCTGTA,R0,A5
CAAGACTAATTGAGGA,R0,A5
CAAGACTAATGCCTAA,R2,A3
CAAGACTACAACCACA,R0,A2
CAAGACTAGACTAGTA,R3,A5
CAAGACTACAATGGAA,R3,A1
CAAGACTACACTTCGA,R0,A1
CAAGACTACAGCGTTA,R0,A1
CAAGACTACATACCAA,R3,A3
CAAGACTACCAGTTCA,R3,A3
CAAGACTACCGAAGTA,R0,A3
CAAGACTACCGTGAGA,R3,A4
CAAGACTACCTCCTGA,R5,A0
CAAGACTAAGTGGTCA,R1,A3
CAAGACTACGAACTTA,R5,A0
CAAGACTACGACTGGA,R5,A0
CAAGACTACGCATACA,R0,A0
CAAGACTACTCAATGA,R5,A4
CAAGACTACTGAGCCA,R4,A4
CAAGACTACTGGCATA,R2,A4
CAAGACTAGAATCTGA,R0,A0
CAAGACTACAAGACTA,R1,A4
CAAGACTAGAGCTGAA,R1,A3
CAAGACTAGATAGACA,R2,A3
CAAGACTAACCACTGT,R0,A3
CAAGACTAGCCACATA,R1,A0
CAAGACTAACATTGGC,R1,A3
CAAGACTACAGATCTG,R1,A3
CAAGACTACATCAAGT,R1,A3
CAAGACTACGCTGATC,R1,A2
GAGCTGAAAACGTGAT,R1,A3
GAGCTGAAACAAGCTA,R1,A3
GAGCTGAACTGTAGCC,R1,A2
GAGCTGAAAGTACAAG,R1,A4
GAGCTGAAAACAACCA,R1,A0
GAGCTGAAAACCGAGA,R1,A0
GAGCTGAAAACGCTTA,R1,A1
GAGCTGAAAAGACGGA,R2,A1
GAGCTGAAAAGGTACA,R0,A0
GAGCTGAAACACAGAA,R2,A0
GAGCTGAAACAGCAGA,R2,A5
GAGCTGAAAAACATCG,R0,A3
GAGCTGAAACCTCCAA,R0,A2
GAGCTGAAACGCTCGA,R2,A1
GAGCTGAAACGTATCA,R4,A4
GAGCTGAAACTATGCA,R4,A4
GAGCTGAAAGAGTCAA,R4,A4
GAGCTGAAAGATCGCA,R0,A1
GAGCTGAAAGCAGGAA,R3,A1
GAGCTGAAAGTCACTA,R3,A2
GAGCTGAAATCCTGTA,R5,A5
GAGCTGAAATTGAGGA,R5,A4
GAGCTGAAATGCCTAA,R1,A3
GAGCTGAACAACCACA,R0,A0
GAGCTGAAGACTAGTA,R0,A5
GAGCTGAACAATGGAA,R3,A2
GAGCTGAACACTTCGA,R3,A0
GAGCTGAACAGCGTTA,R0,A3
GAGCTGAACATACCAA,R3,A2
GAGCTGAACCAGTTCA,R5,A4
GAGCTGAACCGAAGTA,R3,A0
GAGCTGAACCGTGAGA,R3,A0
GAGCTGAACCTCCTGA,R5,A0
GAGCTGAAAGTGGTCA,R0,A3
GAGCTGAACGAACTTA,R3,A3
GAGCTGAACGACTGGA,R5,A1
GAGCTGAACGCATACA,R2,A1
GAGCTGAACTCAATGA,R3,A5
GAGCTGAACTGAGCCA,R4,A4
GAGCTGAACTGGCATA,R2,A6
GAGCTGAAGAATCTGA,R0,A3
GAGCTGAACAAGACTA,R0,A3
GAGCTGAAGAGCTGAA,R2,A1
GAGCTGAAGATAGACA,R2,A3
GAGCTGAAACCACTGT,R5,A3
GAGCTGAAGCCACATA,R1,A3
GAGCTGAAACATTGGC,R1,A1
GAGCTGAACAGATCTG,R5,A3
GAGCTGAACATCAAGT,R1,A3
GAGCTGAACGCTGATC,R1,A0
GATAGACAAACGTGAT,R0,A3
GATAGACAACAAGCTA,R1,A3
GATAGACACTGTAGCC,R1,A3
GATAGACAAGTACAAG,R0,A0
GATAGACAAACAACCA,R0,A3
GATAGACAAACCGAGA,R1,A0
GATAGACAAACGCTTA,R0,A3
GATAGACAAAGACGGA,R1,A0
GATAGACAAAGGTACA,R0,A0
GATAGACAACACAGAA,R0,A4
GATAGACAACAGCAGA,R0,A0
GATAGACAAAACATCG,R0,A2
GATAGACAACCTCCAA,R0,A0
GATAGACAACGCTCGA,R2,A0
GATAGACAACGTATCA,R4,A4
GATAGACAACTATGCA,R4,A4
GATAGACAAGAGTCAA,R4,A4
GATAGACAAGATCGCA,R4,A4
GATAGACAAGCAGGAA,R0,A4
GATAGACAAGTCACTA,R5,A1
GATAGACAATCCTGTA,R3,A0
GATAGACAATTGAGGA,R5,A0
GATAGACAATGCCTAA,R0,A3
GATAGACACAACCACA,R5,A5
GATAGACAGACTAGTA,R3,A2
GATAGACACAATGGAA,R3,A0
GATAGACACACTTCGA,R3,A0
GATAGACACAGCGTTA,R3,A5
GATAGACACATACCAA,R3,A4
GATAGACACCAGTTCA,R3,A0
GATAGACACCGAAGTA,R0,A1
GATAGACACCGTGAGA,R2,A0
GATAGACACCTCCTGA,R0,A1
GATAGACAAGTGGTCA,R0,A3
GATAGACACGAACTTA,R0,A1
GATAGACACGACTGGA,R5,A1
GATAGACACGCATACA,R0,A1
GATAGACACTCAATGA,R5,A0
GATAGACACTGAGCCA,R0,A3
GATAGACACTGGCATA,R2,A6
GATAGACAGAATCTGA,R1,A3
GATAGACACAAGACTA,R0,A5
GATAGACAGAGCTGAA,R2,A5
GATAGACAGATAGACA,R2,A6
GATAGACAACCACTGT,R1,A3
GATAGACAGCCACATA,R1,A3
GATAGACAACATTGGC,R1,A3
GATAGACACAGATCTG,R1,A3
GATAGACACATCAAGT,R1,A3
GATAGACACGCTGATC,R1,A3
AGTGGTCAAACGTGAT,R1,A2
AGTGGTCAACAAGCTA,R1,A2
AGTGGTCACTGTAGCC,R1,A4
AGTGGTCAAGTACAAG,R5,A4
AGTGGTCAAACAACCA,R4,A4
AGTGGTCAAACCGAGA,R4,A4
AGTGGTCAAACGCTTA,R4,A4
AGTGGTCAAAGACGGA,R0,A0
AGTGGTCAAAGGTACA,R1,A2
AGTGGTCAACACAGAA,R2,A0
AGTGGTCAACAGCAGA,R1,A4
AGTGGTCAAAACATCG,R1,A0
AGTGGTCAACCTCCAA,R2,A4
AGTGGTCAACGCTCGA,R1,A2
AGTGGTCAACGTATCA,R1,A2
AGTGGTCAACTATGCA,R1,A2
AGTGGTCAAGAGTCAA,R1,A0
AGTGGTCAAGATCGCA,R1,A2
AGTGGTCAAGCAGGAA,R1,A2
AGTGGTCAAGTCACTA,R1,A0
AGTGGTCAATCCTGTA,R1,A2
AGTGGTCAATTGAGGA,R1,A2
AGTGGTCAATGCCTAA,R1,A4
AGTGGTCACAACCACA,R1,A2
AGTGGTCAGACTAGTA,R1,A2
AGTGGTCACAATGGAA,R2,A2
AGTGGTCACACTTCGA,R1,A0
AGTGGTCACAGCGTTA,R1,A2
AGTGGTCACATACCAA,R1,A0
AGTGGTCACCAGTTCA,R1,A0
AGTGGTCACCGAAGTA,R1,A0
AGTGGTCACCGTGAGA,R1,A2
AGTGGTCACCTCCTGA,R1,A0
AGTGGTCAAGTGGTCA,R1,A2
AGTGGTCACGAACTTA,R1,A0
AGTGGTCACGACTGGA,R1,A0
AGTGGTCACGCATACA,R1,A4
AGTGGTCACTCAATGA,R1,A5
AGTGGTCACTGAGCCA,R0,A0
AGTGGTCACTGGCATA,R6,A6
AGTGGTCAGAATCTGA,R6,A6
AGTGGTCACAAGACTA,R6,A6
AGTGGTCAGAGCTGAA,R6,A6
AGTGGTCAGATAGACA,R6,A6
AGTGGTCAACCACTGT,R1,A2
AGTGGTCAGCCACATA,R6,A6
AGTGGTCAACATTGGC,R4,A4
AGTGGTCACAGATCTG,R4,A4
AGTGGTCACATCAAGT,R4,A4
AGTGGTCACGCTGATC,R4,A2
GCCACATAAACGTGAT,R2,A1
GCCACATAACAAGCTA,R1,A3
GCCACATACTGTAGCC,R1,A3
GCCACATAAGTACAAG,R0,A0
GCCACATAAACAACCA,R1,A3
GCCACATAAACCGAGA,R0,A1
GCCACATAAACGCTTA,R0,A0
GCCACATAAAGACGGA,R1,A3
GCCACATAAAGGTACA,R1,A3
GCCACATAACACAGAA,R0,A0
GCCACATAACAGCAGA,R1,A3
GCCACATAAAACATCG,R0,A3
GCCACATAACCTCCAA,R2,A3
GCCACATAACGCTCGA,R0,A3
GCCACATAACGTATCA,R0,A3
GCCACATAACTATGCA,R4,A3
GCCACATAAGAGTCAA,R4,A4
GCCACATAAGATCGCA,R4,A4
GCCACATAAGCAGGAA,R0,A1
GCCACATAAGTCACTA,R0,A4
GCCACATAATCCTGTA,R5,A4
GCCACATAATTGAGGA,R5,A4
GCCACATAATGCCTAA,R0,A0
GCCACATACAACCACA,R3,A4
GCCACATAGACTAGTA,R0,A4
GCCACATACAATGGAA,R3,A4
GCCACATACACTTCGA,R0,A0
GCCACATACAGCGTTA,R0,A0
GCCACATACATACCAA,R0,A4
GCCACATACCAGTTCA,R3,A4
GCCACATACCGAAGTA,R0,A0
GCCACATACCGTGAGA,R2,A1
GCCACATACCTCCTGA,R5,A1
GCCACATAAGTGGTCA,R0,A3
GCCACATACGAACTTA,R5,A1
GCCACATACGACTGGA,R0,A5
GCCACATACGCATACA,R5,A4
GCCACATACTCAATGA,R4,A4
GCCACATACTGAGCCA,R0,A2
GCCACATACTGGCATA,R0,A0
GCCACATAGAATCTGA,R0,A3
GCCACATACAAGACTA,R0,A0
GCCACATAGAGCTGAA,R0,A3
GCCACATAGATAGACA,R1,A3
GCCACATAACCACTGT,R0,A3
GCCACATAGCCACATA,R2,A3
GCCACATAACATTGGC,R0,A3
GCCACATACAGATCTG,R0,A3
GCCACATACATCAAGT,R0,A1
GCCACATACGCTGATC,R0,A1
ACCACTGTAACGTGAT,R1,A0
ACCACTGTACAAGCTA,R1,A2
ACCACTGTCTGTAGCC,R1,A2
ACCACTGTAGTACAAG,R0,A0
ACCACTGTAACAACCA,R0,A2
ACCACTGTAACCGAGA,R5,A4
ACCACTGTAACGCTTA,R4,A4
ACCACTGTAAGACGGA,R4,A4
ACCACTGTAAGGTACA,R0,A2
ACCACTGTACACAGAA,R2,A1
ACCACTGTACAGCAGA,R1,A0
ACCACTGTAAACATCG,R1,A0
ACCACTGTACCTCCAA,R2,A1
ACCACTGTACGCTCGA,R2,A4
ACCACTGTACGTATCA,R5,A1
ACCACTGTACTATGCA,R1,A2
ACCACTGTAGAGTCAA,R2,A0
ACCACTGTAGATCGCA,R2,A2
ACCACTGTAGCAGGAA,R1,A0
ACCACTGTAGTCACTA,R1,A0
ACCACTGTATCCTGTA,R1,A2
ACCACTGTATTGAGGA,R1,A2
ACCACTGTATGCCTAA,R1,A0
ACCACTGTCAACCACA,R1,A2
ACCACTGTGACTAGTA,R1,A0
ACCACTGTCAATGGAA,R1,A2
ACCACTGTCACTTCGA,R1,A0
ACCACTGTCAGCGTTA,R2,A1
ACCACTGTCATACCAA,R1,A3
ACCACTGTCCAGTTCA,R1,A0
ACCACTGTCCGAAGTA,R1,A0
ACCACTGTCCGTGAGA,R1,A2
ACCACTGTCCTCCTGA,R1,A2
ACCACTGTAGTGGTCA,R0,A2
ACCACTGTCGAACTTA,R1,A0
ACCACTGTCGACTGGA,R1,A2
ACCACTGTCGCATACA,R1,A4
ACCACTGTCTCAATGA,R1,A4
ACCACTGTCTGAGCCA,R1,A3
ACCACTGTCTGGCATA,R1,A1
ACCACTGTGAATCTGA,R6,A6
ACCACTGTCAAGACTA,R6,A6
ACCACTGTGAGCTGAA,R6,A6
ACCACTGTGATAGACA,R6,A5
ACCACTGTACCACTGT,R2,A2
ACCACTGTGCCACATA,R6,A6
ACCACTGTACATTGGC,R4,A4
ACCACTGTCAGATCTG,R4,A4
ACCACTGTCATCAAGT,R2,A1
ACCACTGTCGCTGATC,R1,A0
ACATTGGCAACGTGAT,R0,A2
ACATTGGCACAAGCTA,R2,A0
ACATTGGCCTGTAGCC,R0,A2
ACATTGGCAGTACAAG,R3,A0
ACATTGGCAACAACCA,R0,A2
ACATTGGCAACCGAGA,R2,A4
ACATTGGCAACGCTTA,R2,A1
ACATTGGCAAGACGGA,R4,A4
ACATTGGCAAGGTACA,R4,A4
ACATTGGCACACAGAA,R4,A2
ACATTGGCACAGCAGA,R2,A1
ACATTGGCAAACATCG,R1,A0
ACATTGGCACCTCCAA,R2,A1
ACATTGGCACGCTCGA,R2,A1
ACATTGGCACGTATCA,R1,A5
ACATTGGCACTATGCA,R1,A0
ACATTGGCAGAGTCAA,R1,A2
ACATTGGCAGATCGCA,R1,A2
ACATTGGCAGCAGGAA,R1,A2
ACATTGGCAGTCACTA,R1,A2
ACATTGGCATCCTGTA,R1,A2
ACATTGGCATTGAGGA,R1,A2
ACATTGGCATGCCTAA,R1,A4
ACATTGGCCAACCACA,R1,A2
ACATTGGCGACTAGTA,R1,A2
ACATTGGCCAATGGAA,R1,A2
ACATTGGCCACTTCGA,R7,A0
ACATTGGCCAGCGTTA,R1,A4
ACATTGGCCATACCAA,R7,A1
ACATTGGCCCAGTTCA,R2,A0
ACATTGGCCCGAAGTA,R1,A3
ACATTGGCCCGTGAGA,R1,A2
ACATTGGCCCTCCTGA,R1,A2
ACATTGGCAGTGGTCA,R0,A1
ACATTGGCCGAACTTA,R1,A2
ACATTGGCCGACTGGA,R1,A2
ACATTGGCCGCATACA,R1,A0
ACATTGGCCTCAATGA,R1,A1
ACATTGGCCTGAGCCA,R0,A5
ACATTGGCCTGGCATA,R1,A3
ACATTGGCGAATCTGA,R1,A1
ACATTGGCCAAGACTA,R6,A3
ACATTGGCGAGCTGAA,R6,A6
ACATTGGCGATAGACA,R6,A6
ACATTGGCACCACTGT,R0,A0
ACATTGGCGCCACATA,R6,A6
ACATTGGCACATTGGC,R4,A4
ACATTGGCCAGATCTG,R4,A4
ACATTGGCCATCAAGT,R2,A0
ACATTGGCCGCTGATC,R3,A4
CAGATCTGAACGTGAT,R0,A2
CAGATCTGACAAGCTA,R2,A4
CAGATCTGCTGTAGCC,R3,A1
CAGATCTGAGTACAAG,R5,A0
CAGATCTGAACAACCA,R5,A4
CAGATCTGAACCGAGA,R3,A4
CAGATCTGAACGCTTA,R0,A2
CAGATCTGAAGACGGA,R0,A5
CAGATCTGAAGGTACA,R5,A4
CAGATCTGACACAGAA,R4,A4
CAGATCTGACAGCAGA,R0,A0
CAGATCTGAAACATCG,R1,A0
CAGATCTGACCTCCAA,R2,A1
CAGATCTGACGCTCGA,R1,A1
CAGATCTGACGTATCA,R2,A5
CAGATCTGACTATGCA,R2,A1
CAGATCTGAGAGTCAA,R1,A3
CAGATCTGAGATCGCA,R1,A2
CAGATCTGAGCAGGAA,R2,A2
CAGATCTGAGTCACTA,R1,A0
CAGATCTGATCCTGTA,R1,A2
CAGATCTGATTGAGGA,R1,A2
CAGATCTGATGCCTAA,R1,A4
CAGATCTGCAACCACA,R1,A2
CAGATCTGGACTAGTA,R1,A2
CAGATCTGCAATGGAA,R1,A0
CAGATCTGCACTTCGA,R1,A0
CAGATCTGCAGCGTTA,R2,A1
CAGATCTGCATACCAA,R7,A1
CAGATCTGCCAGTTCA,R0,A0
CAGATCTGCCGAAGTA,R1,A0
CAGATCTGCCGTGAGA,R1,A3
CAGATCTGCCTCCTGA,R1,A2
CAGATCTGAGTGGTCA,R0,A0
CAGATCTGCGAACTTA,R1,A0
CAGATCTGCGACTGGA,R1,A2
CAGATCTGCGCATACA,R2,A1
CAGATCTGCTCAATGA,R0,A0
CAGATCTGCTGAGCCA,R1,A0
CAGATCTGCTGGCATA,R1,A2
CAGATCTGGAATCTGA,R1,A4
CAGATCTGCAAGACTA,R1,A3
CAGATCTGGAGCTGAA,R1,A5
CAGATCTGGATAGACA,R1,A0
CAGATCTGACCACTGT,R1,A2
CAGATCTGGCCACATA,R6,A6
CAGATCTGACATTGGC,R4,A4
CAGATCTGCAGATCTG,R4,A1
CAGATCTGCATCAAGT,R4,A4
CAGATCTGCGCTGATC,R0,A2
CATCAAGTAACGTGAT,R1,A4
CATCAAGTACAAGCTA,R0,A0
CATCAAGTCTGTAGCC,R1,A5
CATCAAGTAGTACAAG,R0,A4
CATCAAGTAACAACCA,R2,A1
CATCAAGTAACCGAGA,R5,A0
CATCAAGTAACGCTTA,R0,A0
CATCAAGTAAGACGGA,R1,A0
CATCAAGTAAGGTACA,R5,A4
CATCAAGTACACAGAA,R4,A4
CATCAAGTACAGCAGA,R4,A4
CATCAAGTAAACATCG,R1,A3
CATCAAGTACCTCCAA,R2,A5
CATCAAGTACGCTCGA,R2,A1
CATCAAGTACGTATCA,R1,A5
CATCAAGTACTATGCA,R1,A0
CATCAAGTAGAGTCAA,R2,A0
CATCAAGTAGATCGCA,R1,A2
CATCAAGTAGCAGGAA,R1,A2
CATCAAGTAGTCACTA,R1,A0
CATCAAGTATCCTGTA,R1,A0
CATCAAGTATTGAGGA,R1,A2
CATCAAGTATGCCTAA,R2,A4
CATCAAGTCAACCACA,R1,A2
CATCAAGTGACTAGTA,R1,A2
CATCAAGTCAATGGAA,R1,A2
CATCAAGTCACTTCGA,R1,A2
CATCAAGTCAGCGTTA,R2,A1
CATCAAGTCATACCAA,R7,A1
CATCAAGTCCAGTTCA,R7,A1
CATCAAGTCCGAAGTA,R2,A0
CATCAAGTCCGTGAGA,R1,A2
CATCAAGTCCTCCTGA,R1,A0
CATCAAGTAGTGGTCA,R2,A1
CATCAAGTCGAACTTA,R1,A0
CATCAAGTCGACTGGA,R1,A0
CATCAAGTCGCATACA,R1,A0
CATCAAGTCTCAATGA,R1,A0
CATCAAGTCTGAGCCA,R0,A0
CATCAAGTCTGGCATA,R2,A4
CATCAAGTGAATCTGA,R1,A0
CATCAAGTCAAGACTA,R1,A3
CATCAAGTGAGCTGAA,R1,A0
CATCAAGTGATAGACA,R6,A5
CATCAAGTACCACTGT,R0,A0
CATCAAGTGCCACATA,R6,A6
CATCAAGTACATTGGC,R2,A4
CATCAAGTCAGATCTG,R4,A4
CATCAAGTCATCAAGT,R1,A3
CATCAAGTCGCTGATC,R0,A0
CGCTGATCAACGTGAT,R1,A4
CGCTGATCACAAGCTA,R2,A4
CGCTGATCCTGTAGCC,R2,A0
CGCTGATCAGTACAAG,R5,A0
CGCTGATCAACAACCA,R3,A3
CGCTGATCAACCGAGA,R2,A1
CGCTGATCAACGCTTA,R0,A2
CGCTGATCAAGACGGA,R2,A1
CGCTGATCAAGGTACA,R3,A3
CGCTGATCACACAGAA,R2,A1
CGCTGATCACAGCAGA,R4,A4
CGCTGATCAAACATCG,R2,A0
CGCTGATCACCTCCAA,R4,A4
CGCTGATCACGCTCGA,R2,A4
CGCTGATCACGTATCA,R2,A1
CGCTGATCACTATGCA,R0,A1
CGCTGATCAGAGTCAA,R1,A0
CGCTGATCAGATCGCA,R1,A2
CGCTGATCAGCAGGAA,R2,A2
CGCTGATCAGTCACTA,R1,A0
CGCTGATCATCCTGTA,R1,A0
CGCTGATCATTGAGGA,R1,A2
CGCTGATCATGCCTAA,R1,A4
CGCTGATCCAACCACA,R1,A2
CGCTGATCGACTAGTA,R2,A2
CGCTGATCCAATGGAA,R1,A0
CGCTGATCCACTTCGA,R1,A0
CGCTGATCCAGCGTTA,R2,A0
CGCTGATCCATACCAA,R1,A1
CGCTGATCCCAGTTCA,R1,A5
CGCTGATCCCGAAGTA,R0,A2
CGCTGATCCCGTGAGA,R1,A5
CGCTGATCCCTCCTGA,R1,A0
CGCTGATCAGTGGTCA,R0,A2
CGCTGATCCGAACTTA,R1,A2
CGCTGATCCGACTGGA,R1,A0
CGCTGATCCGCATACA,R1,A0
CGCTGATCCTCAATGA,R1,A0
CGCTGATCCTGAGCCA,R1,A3
CGCTGATCCTGGCATA,R0,A2
CGCTGATCGAATCTGA,R1,A3
CGCTGATCCAAGACTA,R1,A3
CGCTGATCGAGCTGAA,R1,A3
CGCTGATCGATAGACA,R6,A6
CGCTGATCACCACTGT,R2,A1
CGCTGATCGCCACATA,R1,A0
CGCTGATCACATTGGC,R0,A0
CGCTGATCCAGATCTG,R4,A4
CGCTGATCCATCAAGT,R0,A2
CGCTGATCCGCTGATC,R0,A2
